{
    "min_support": 0.01,
    "min_confidence": 0.2,
    "min_lift": 1.5,
    "max_length": 4,
    "ssort": -3,
    "datasetName": "2_L-0012_2023.csv",
    "redundantRemoveType": 0,
    "Records": 2046,
    "RecordsCreationTime": "0.409",
    "RulesCount": 26,
    "RulesCreationTime": "0.011",
    "rules": [
        {
            "LHS": [
                "\u03a6\u0391\u03a1\u039c0174"
            ],
            "RHS": [
                "\u03a6\u0391\u03a1\u039c1822",
                "nan"
            ],
            "Confidence": 0.46808510638297873,
            "Lift": 23.35858847950182,
            "Conviction": 1.8423264907135875,
            "Leverage": 0.010292356924652829,
            "LHS_Count": 47,
            "LHS_Support": 0.02297165200391007,
            "RHS_Count": 41,
            "RHS_Support": 0.020039100684261974,
            "Support": 0.010752688172043012,
            "Count": 22
        },
        {
            "LHS": [
                "\u03a6\u0391\u03a1\u039c1822",
                "nan"
            ],
            "RHS": [
                "\u03a6\u0391\u03a1\u039c0174"
            ],
            "Confidence": 0.5365853658536586,
            "Lift": 23.35858847950182,
            "Conviction": 2.1083243298862997,
            "Leverage": 0.010292356924652829,
            "LHS_Count": 41,
            "LHS_Support": 0.020039100684261974,
            "RHS_Count": 47,
            "RHS_Support": 0.02297165200391007,
            "Support": 0.010752688172043012,
            "Count": 22
        },
        {
            "LHS": [
                "\u03a6\u0391\u03a1\u039c1822"
            ],
            "RHS": [
                "nan",
                "\u03a6\u0391\u03a1\u039c0174"
            ],
            "Confidence": 0.4313725490196079,
            "Lift": 22.064705882352946,
            "Conviction": 1.724239053493781,
            "Leverage": 0.010265362928308725,
            "LHS_Count": 51,
            "LHS_Support": 0.024926686217008796,
            "RHS_Count": 40,
            "RHS_Support": 0.019550342130987292,
            "Support": 0.010752688172043012,
            "Count": 22
        },
        {
            "LHS": [
                "nan",
                "\u03a6\u0391\u03a1\u039c0174"
            ],
            "RHS": [
                "\u03a6\u0391\u03a1\u039c1822"
            ],
            "Confidence": 0.55,
            "Lift": 22.064705882352943,
            "Conviction": 2.1668295861844253,
            "Leverage": 0.010265362928308725,
            "LHS_Count": 40,
            "LHS_Support": 0.019550342130987292,
            "RHS_Count": 51,
            "RHS_Support": 0.024926686217008796,
            "Support": 0.010752688172043012,
            "Count": 22
        },
        {
            "LHS": [
                "\u03a6\u0391\u03a1\u039c1822"
            ],
            "RHS": [
                "\u03a6\u0391\u03a1\u039c0174"
            ],
            "Confidence": 0.4509803921568628,
            "Lift": 19.63204005006258,
            "Conviction": 1.7795873481357354,
            "Leverage": 0.010668839563929906,
            "LHS_Count": 51,
            "LHS_Support": 0.024926686217008796,
            "RHS_Count": 47,
            "RHS_Support": 0.02297165200391007,
            "Support": 0.011241446725317693,
            "Count": 23
        },
        {
            "LHS": [
                "\u03a6\u0391\u03a1\u039c0174"
            ],
            "RHS": [
                "\u03a6\u0391\u03a1\u039c1822"
            ],
            "Confidence": 0.48936170212765956,
            "Lift": 19.632040050062578,
            "Conviction": 1.9095185728250241,
            "Leverage": 0.010668839563929906,
            "LHS_Count": 47,
            "LHS_Support": 0.02297165200391007,
            "RHS_Count": 51,
            "RHS_Support": 0.024926686217008796,
            "Support": 0.011241446725317693,
            "Count": 23
        },
        {
            "LHS": [
                "\u03a6\u0391\u03a1\u039c2983"
            ],
            "RHS": [
                "\u03a6\u0391\u03a1\u039c3005"
            ],
            "Confidence": 0.40740740740740744,
            "Lift": 19.385012919896642,
            "Conviction": 1.652034457478006,
            "Leverage": 0.010197997379910161,
            "LHS_Count": 54,
            "LHS_Support": 0.026392961876832845,
            "RHS_Count": 43,
            "RHS_Support": 0.021016617790811338,
            "Support": 0.010752688172043012,
            "Count": 22
        },
        {
            "LHS": [
                "\u03a6\u0391\u03a1\u039c3005"
            ],
            "RHS": [
                "\u03a6\u0391\u03a1\u039c2983"
            ],
            "Confidence": 0.5116279069767442,
            "Lift": 19.385012919896642,
            "Conviction": 1.9935763161569615,
            "Leverage": 0.010197997379910161,
            "LHS_Count": 43,
            "LHS_Support": 0.021016617790811338,
            "RHS_Count": 54,
            "RHS_Support": 0.026392961876832845,
            "Support": 0.010752688172043012,
            "Count": 22
        },
        {
            "LHS": [
                "\u0396\u03a9\u039f\u03a40007"
            ],
            "RHS": [
                "\u0396\u03a9\u039f\u03a40081"
            ],
            "Confidence": 0.24418604651162792,
            "Lift": 12.185479296653433,
            "Conviction": 1.296563651402361,
            "Leverage": 0.009421621378862889,
            "LHS_Count": 86,
            "LHS_Support": 0.042033235581622676,
            "RHS_Count": 41,
            "RHS_Support": 0.020039100684261974,
            "Support": 0.010263929618768328,
            "Count": 21
        },
        {
            "LHS": [
                "\u0396\u03a9\u039f\u03a40081"
            ],
            "RHS": [
                "\u0396\u03a9\u039f\u03a40007"
            ],
            "Confidence": 0.5121951219512195,
            "Lift": 12.185479296653433,
            "Conviction": 1.9638318670576735,
            "Leverage": 0.009421621378862889,
            "LHS_Count": 41,
            "LHS_Support": 0.020039100684261974,
            "RHS_Count": 86,
            "RHS_Support": 0.042033235581622676,
            "Support": 0.010263929618768328,
            "Count": 21
        },
        {
            "LHS": [
                "\u03a3\u03a0\u039f\u03a10053"
            ],
            "RHS": [
                "\u0399\u03a3\u039f\u03a10028"
            ],
            "Confidence": 0.3181818181818182,
            "Lift": 12.055555555555555,
            "Conviction": 1.4279569892473116,
            "Leverage": 0.00941254375177372,
            "LHS_Count": 66,
            "LHS_Support": 0.03225806451612903,
            "RHS_Count": 54,
            "RHS_Support": 0.026392961876832845,
            "Support": 0.010263929618768328,
            "Count": 21
        },
        {
            "LHS": [
                "\u0399\u03a3\u039f\u03a10028"
            ],
            "RHS": [
                "\u03a3\u03a0\u039f\u03a10053"
            ],
            "Confidence": 0.38888888888888884,
            "Lift": 12.055555555555554,
            "Conviction": 1.5835777126099706,
            "Leverage": 0.00941254375177372,
            "LHS_Count": 54,
            "LHS_Support": 0.026392961876832845,
            "RHS_Count": 66,
            "RHS_Support": 0.03225806451612903,
            "Support": 0.010263929618768328,
            "Count": 21
        },
        {
            "LHS": [
                "\u0394\u0399\u0391\u03a60825"
            ],
            "RHS": [
                "\u0399\u03a3\u039f\u03a10028"
            ],
            "Confidence": 0.2784810126582279,
            "Lift": 10.551336146272856,
            "Conviction": 1.3493851931882492,
            "Leverage": 0.009733605088822194,
            "LHS_Count": 79,
            "LHS_Support": 0.0386119257086999,
            "RHS_Count": 54,
            "RHS_Support": 0.026392961876832845,