{
    "min_support": 0.01,
    "min_confidence": 0.2,
    "min_lift": 1.5,
    "max_length": 4,
    "sSort": -3,
    "datasetName": "2_L-0011_2022.csv",
    "redundantRemoveType": 0,
    "Records": 1259,
    "RecordsCreationTime": "0.211",
    "RulesCount": 32,
    "RulesCreationTime": "0.010",
    "rules": [
        {
            "LHS": [
                "\u03a6\u0391\u03a1.2256"
            ],
            "RHS": [
                "\u03a6\u0391\u03a1.1882"
            ],
            "Confidence": 0.6,
            "Lift": 37.77,
            "Conviction": 2.460285941223193,
            "Leverage": 0.011598776340136561,
            "LHS_Count": 25,
            "LHS_Support": 0.019857029388403495,
            "RHS_Count": 20,
            "RHS_Support": 0.015885623510722795,
            "Support": 0.011914217633042097,
            "Count": 15
        },
        {
            "LHS": [
                "\u03a6\u0391\u03a1.1882"
            ],
            "RHS": [
                "\u03a6\u0391\u03a1.2256"
            ],
            "Confidence": 0.75,
            "Lift": 37.769999999999996,
            "Conviction": 3.920571882446386,
            "Leverage": 0.011598776340136561,
            "LHS_Count": 20,
            "LHS_Support": 0.015885623510722795,
            "RHS_Count": 25,
            "RHS_Support": 0.019857029388403495,
            "Support": 0.011914217633042097,
            "Count": 15
        },
        {
            "LHS": [
                "\u03a6\u0391\u03a1.2263"
            ],
            "RHS": [
                "\u039b\u0399\u03a0.0352"
            ],
            "Confidence": 0.5,
            "Lift": 31.475,
            "Conviction": 1.9682287529785545,
            "Leverage": 0.01230473395365915,
            "LHS_Count": 32,
            "LHS_Support": 0.025416997617156472,
            "RHS_Count": 20,
            "RHS_Support": 0.015885623510722795,
            "Support": 0.012708498808578236,
            "Count": 16
        },
        {
            "LHS": [
                "\u039b\u0399\u03a0.0352"
            ],
            "RHS": [
                "\u03a6\u0391\u03a1.2263"
            ],
            "Confidence": 0.7999999999999999,
            "Lift": 31.474999999999998,
            "Conviction": 4.872915011914216,
            "Leverage": 0.01230473395365915,
            "LHS_Count": 20,
            "LHS_Support": 0.015885623510722795,
            "RHS_Count": 32,
            "RHS_Support": 0.025416997617156472,
            "Support": 0.012708498808578236,
            "Count": 16
        },
        {
            "LHS": [
                "\u03a6\u0391\u03a1.1756"
            ],
            "RHS": [
                "\u03a6\u0391\u03a1.1778",
                "\u03a6\u0391\u03a1.1791"
            ],
            "Confidence": 0.5384615384615384,
            "Lift": 28.24679487179487,
            "Conviction": 2.125364045538787,
            "Leverage": 0.010726265723959847,
            "LHS_Count": 26,
            "LHS_Support": 0.020651310563939634,
            "RHS_Count": 24,
            "RHS_Support": 0.019062748212867357,
            "Support": 0.011119936457505957,
            "Count": 14
        },
        {
            "LHS": [
                "\u03a6\u0391\u03a1.1778",
                "\u03a6\u0391\u03a1.1791"
            ],
            "RHS": [
                "\u03a6\u0391\u03a1.1756"
            ],
            "Confidence": 0.5833333333333333,
            "Lift": 28.24679487179487,
            "Conviction": 2.3504368546465444,
            "Leverage": 0.010726265723959847,
            "LHS_Count": 24,
            "LHS_Support": 0.019062748212867357,
            "RHS_Count": 26,
            "RHS_Support": 0.020651310563939634,
            "Support": 0.011119936457505957,
            "Count": 14
        },
        {
            "LHS": [
                "\u03a6\u0391\u03a1.1867"
            ],
            "RHS": [
                "\u03a6\u0391\u03a1.1757"
            ],
            "Confidence": 0.7142857142857144,
            "Lift": 27.251082251082256,
            "Conviction": 3.4082605242255775,
            "Leverage": 0.011477016001075025,
            "LHS_Count": 21,
            "LHS_Support": 0.016679904686258934,
            "RHS_Count": 33,
            "RHS_Support": 0.026211278792692614,
            "Support": 0.011914217633042097,
            "Count": 15
        },
        {
            "LHS": [
                "\u03a6\u0391\u03a1.1757"
            ],
            "RHS": [
                "\u03a6\u0391\u03a1.1867"
            ],
            "Confidence": 0.45454545454545453,
            "Lift": 27.251082251082252,
            "Conviction": 1.8027535080751922,
            "Leverage": 0.011477016001075025,
            "LHS_Count": 33,
            "LHS_Support": 0.026211278792692614,
            "RHS_Count": 21,
            "RHS_Support": 0.016679904686258934,
            "Support": 0.011914217633042097,
            "Count": 15
        },
        {
            "LHS": [
                "\u03a6\u0391\u03a1.1984"
            ],
            "RHS": [
                "\u03a6\u0391\u03a1.2378"
            ],
            "Confidence": 0.4333333333333333,
            "Lift": 25.97936507936508,
            "Conviction": 1.7352707564360137,
            "Leverage": 0.009928199252908842,
            "LHS_Count": 30,
            "LHS_Support": 0.023828435266084195,
            "RHS_Count": 21,
            "RHS_Support": 0.016679904686258934,
            "Support": 0.010325655281969817,
            "Count": 13
        },
        {
            "LHS": [
                "\u03a6\u0391\u03a1.2378"
            ],
            "RHS": [
                "\u03a6\u0391\u03a1.1984"
            ],
            "Confidence": 0.6190476190476191,
            "Lift": 25.979365079365078,
            "Conviction": 2.562450357426529,
            "Leverage": 0.009928199252908842,
            "LHS_Count": 21,
            "LHS_Support": 0.016679904686258934,
            "RHS_Count": 30,
            "RHS_Support": 0.023828435266084195,
            "Support": 0.010325655281969817,
            "Count": 13
        },
        {
            "LHS": [
                "\u03a6\u0391\u03a1.1778"
            ],
            "RHS": [
                "\u03a6\u0391\u03a1.1756",
                "\u03a6\u0391\u03a1.1791"
            ],
            "Confidence": 0.3888888888888889,
            "Lift": 22.255050505050505,
            "Conviction": 1.6077695140443353,
            "Leverage": 0.010620277449543587,
            "LHS_Count": 36,
            "LHS_Support": 0.028594122319301033,
            "RHS_Count": 22,
            "RHS_Support": 0.017474185861795076,
            "Support": 0.011119936457505957,
            "Count": 14
        },
        {
            "LHS": [
                "\u03a6\u0391\u03a1.1756",
                "\u03a6\u0391\u03a1.1791"
            ],
            "RHS": [
                "\u03a6\u0391\u03a1.1778"
            ],
            "Confidence": 0.6363636363636364,
            "Lift": 22.255050505050505,
            "Conviction": 2.671366163621922,
            "Leverage": 0.010620277449543587,
            "LHS_Count": 22,
            "LHS_Support": 0.017474185861795076,
            "RHS_Count": 36,
            "RHS_Support": 0.028594122319301033,
            "Support": 0.011119936457505957,
            "Count": 14
        },
        {
            "LHS": [
                "\u03a6\u0391\u03a1.1791"
            ],
            "RHS": [
                "\u03a6\u0391\u03a1.1999"
            ],
            "Confidence": 0.35593220338983045,
            "Lift": 21.338983050847457,
            "Conviction": 1.5267338321976505,
            "Leverage": 0.015898241162439014,
            "LHS_Count": 59,
            "LHS_Support": 0.04686258935663225,
            "RHS_Count": 21,
            "RHS_Support": 0.016679904686258934,
            "Support": 0.016679904686258934,