{
    "min_support": 0.01,
    "min_confidence": 0.02,
    "min_lift": 1.5,
    "max_length": 4,
    "ssort": -3,
    "datasetName": "2dairy_dataset.csv",
    "datasetType": 2,
    "outputType": 3,
    "redundantRemoveType": 0,
    "datasetArgs": "['Date', 'Product Name']",
    "Records": 1082,
    "RecordsCreationTime": "0.176",
    "RulesCount": 18,
    "RulesCreationTime": "0.029",
    "rules": [
        {
            "LHS": [
                "Ice Cream",
                "Ghee"
            ],
            "RHS": [
                "Paneer",
                "Milk"
            ],
            "Confidence": 0.18681318681318684,
            "Lift": 1.871591371591372,
            "Conviction": 1.1069840635459858,
            "Leverage": 0.007316839835862255,
            "LHS_Count": 91,
            "LHS_Support": 0.08410351201478743,
            "RHS_Count": 108,
            "RHS_Support": 0.09981515711645102,
            "Support": 0.015711645101663587,
            "Count": 17
        },
        {
            "LHS": [
                "Paneer",
                "Milk"
            ],
            "RHS": [
                "Ice Cream",
                "Ghee"
            ],
            "Confidence": 0.1574074074074074,
            "Lift": 1.8715913715913717,
            "Conviction": 1.0869980296967359,
            "Leverage": 0.007316839835862255,
            "LHS_Count": 108,
            "LHS_Support": 0.09981515711645102,
            "RHS_Count": 91,
            "RHS_Support": 0.08410351201478743,
            "Support": 0.015711645101663587,
            "Count": 17
        },
        {
            "LHS": [
                "Butter",
                "Lassi",
                "Ghee"
            ],
            "RHS": [
                "Paneer"
            ],
            "Confidence": 0.5652173913043479,
            "Lift": 1.6940864747681563,
            "Conviction": 1.5326247689463959,
            "Leverage": 0.004922594907083138,
            "LHS_Count": 23,
            "LHS_Support": 0.021256931608133085,
            "RHS_Count": 361,
            "RHS_Support": 0.333641404805915,
            "Support": 0.012014787430683918,
            "Count": 13
        },
        {
            "LHS": [
                "Paneer"
            ],
            "RHS": [
                "Butter",
                "Lassi",
                "Ghee"
            ],
            "Confidence": 0.03601108033240997,
            "Lift": 1.694086474768156,
            "Conviction": 1.0153053094524827,
            "Leverage": 0.004922594907083138,
            "LHS_Count": 361,
            "LHS_Support": 0.333641404805915,
            "RHS_Count": 23,
            "RHS_Support": 0.021256931608133085,
            "Support": 0.012014787430683918,
            "Count": 13
        },
        {
            "LHS": [
                "Cheese",
                "Yogurt"
            ],
            "RHS": [
                "Butter",
                "Lassi"
            ],
            "Confidence": 0.12871287128712872,
            "Lift": 1.5648014239626211,
            "Conviction": 1.0533208704419426,
            "Leverage": 0.0043366327161653805,
            "LHS_Count": 101,
            "LHS_Support": 0.0933456561922366,
            "RHS_Count": 89,
            "RHS_Support": 0.0822550831792976,
            "Support": 0.012014787430683918,
            "Count": 13
        },
        {
            "LHS": [
                "Butter",
                "Lassi"
            ],
            "RHS": [
                "Cheese",
                "Yogurt"
            ],
            "Confidence": 0.14606741573033707,
            "Lift": 1.564801423962621,
            "Conviction": 1.0617399552485651,
            "Leverage": 0.0043366327161653805,
            "LHS_Count": 89,
            "LHS_Support": 0.0822550831792976,
            "RHS_Count": 101,
            "RHS_Support": 0.0933456561922366,
            "Support": 0.012014787430683918,
            "Count": 13
        },
        {
            "LHS": [
                "Paneer"
            ],
            "RHS": [
                "Ice Cream",
                "Butter",
                "Lassi"
            ],
            "Confidence": 0.0332409972299169,
            "Lift": 1.5637721305552212,
            "Conviction": 1.0123961251847104,
            "Leverage": 0.003998380489338222,
            "LHS_Count": 361,
            "LHS_Support": 0.333641404805915,
            "RHS_Count": 23,
            "RHS_Support": 0.021256931608133085,
            "Support": 0.011090573012939002,
            "Count": 12
        },
        {
            "LHS": [
                "Ice Cream",
                "Butter",
                "Lassi"
            ],
            "RHS": [
                "Paneer"
            ],
            "Confidence": 0.5217391304347826,
            "Lift": 1.563772130555221,
            "Conviction": 1.3932952444967233,
            "Leverage": 0.003998380489338222,
            "LHS_Count": 23,
            "LHS_Support": 0.021256931608133085,
            "RHS_Count": 361,
            "RHS_Support": 0.333641404805915,
            "Support": 0.011090573012939002,
            "Count": 12
        },
        {
            "LHS": [
                "Cheese"
            ],
            "RHS": [
                "Ice Cream",
                "Milk",
                "Yogurt"
            ],
            "Confidence": 0.03715170278637771,
            "Lift": 1.5460824005715648,
            "Conviction": 1.0136284479735633,
            "Leverage": 0.003917234121791302,
            "LHS_Count": 323,
            "LHS_Support": 0.29852125693160814,
            "RHS_Count": 26,
            "RHS_Support": 0.024029574861367836,
            "Support": 0.011090573012939002,
            "Count": 12
        },
        {
            "LHS": [
                "Ice Cream",
                "Milk",
                "Yogurt"
            ],
            "RHS": [
                "Cheese"
            ],
            "Confidence": 0.46153846153846156,
            "Lift": 1.5460824005715648,
            "Conviction": 1.3027462371270135,
            "Leverage": 0.003917234121791302,
            "LHS_Count": 26,
            "LHS_Support": 0.024029574861367836,
            "RHS_Count": 323,
            "RHS_Support": 0.29852125693160814,
            "Support": 0.011090573012939002,
            "Count": 12
        },
        {
            "LHS": [
                "Milk"
            ],
            "RHS": [
                "Cheese",
                "Paneer",
                "Curd"
            ],
            "Confidence": 0.04407713498622589,
            "Lift": 1.5384341953256908,
            "Conviction": 1.016137795841834,
            "Leverage": 0.00517542990491354,
            "LHS_Count": 363,
            "LHS_Support": 0.33548983364140483,
            "RHS_Count": 31,
            "RHS_Support": 0.02865064695009242,
            "Support": 0.014787430683918669,
            "Count": 16
        },
        {
            "LHS": [
                "Cheese",
                "Paneer",
                "Curd"
            ],
            "RHS": [
                "Milk"
            ],
            "Confidence": 0.5161290322580645,
            "Lift": 1.5384341953256908,
            "Conviction": 1.37332101047443,
            "Leverage": 0.00517542990491354,
            "LHS_Count": 31,
            "LHS_Support": 0.02865064695009242,
            "RHS_Count": 363,
            "RHS_Support": 0.33548983364140483,
            "Support": 0.014787430683918669,
            "Count": 16
        },
        {
            "LHS": [
                "Cheese",
                "Paneer"
            ],
            "RHS": [
                "Ice Cream",
                "Ghee"
            ],
            "Confidence": 0.12871287128712872,
            "Lift": 1.5304101838755306,
            "Conviction": 1.0511993782557554,
            "Leverage": 0.0041640899135919306,
            "LHS_Count": 101,
            "LHS_Support": 0.0933456561922366,