{
    "min_support": 0.01,
    "min_confidence": 0.2,
    "min_lift": 70,
    "max_length": 4,
    "ssort": -3,
    "datasetName": "2OrderDetails.csv",
    "redundantRemoveType": 0,
    "Records": 20006,
    "RecordsCreationTime": "21.736",
    "RulesCount": 32,
    "RulesCreationTime": "8.679",
    "rules": [
        {
            "LHS": [
                "22918",
                "22917"
            ],
            "RHS": [
                "22916"
            ],
            "Confidence": 0.9444444444444445,
            "Lift": 79.72386310360994,
            "Conviction": 17.786763970808785,
            "Leverage": 0.0100690376711839,
            "LHS_Count": 216,
            "LHS_Support": 0.010796760971708487,
            "RHS_Count": 237,
            "RHS_Support": 0.011846446066180146,
            "Support": 0.010196940917724683,
            "Count": 204
        },
        {
            "LHS": [
                "22916"
            ],
            "RHS": [
                "22918",
                "22917"
            ],
            "Confidence": 0.860759493670886,
            "Lift": 79.72386310360993,
            "Conviction": 7.104277807566818,
            "Leverage": 0.0100690376711839,
            "LHS_Count": 237,
            "LHS_Support": 0.011846446066180146,
            "RHS_Count": 216,
            "RHS_Support": 0.010796760971708487,
            "Support": 0.010196940917724683,
            "Count": 204
        },
        {
            "LHS": [
                "22917"
            ],
            "RHS": [
                "22916",
                "22918"
            ],
            "Confidence": 0.8464730290456431,
            "Lift": 79.13336177143522,
            "Conviction": 6.443839821026665,
            "Leverage": 0.010068083243926152,
            "LHS_Count": 241,
            "LHS_Support": 0.012046386084174748,
            "RHS_Count": 214,
            "RHS_Support": 0.010696790962711186,
            "Support": 0.010196940917724683,
            "Count": 204
        },
        {
            "LHS": [
                "22916",
                "22918"
            ],
            "RHS": [
                "22917"
            ],
            "Confidence": 0.9532710280373832,
            "Lift": 79.13336177143522,
            "Conviction": 21.14220733779866,
            "Leverage": 0.010068083243926152,
            "LHS_Count": 214,
            "LHS_Support": 0.010696790962711186,
            "RHS_Count": 241,
            "RHS_Support": 0.012046386084174748,
            "Support": 0.010196940917724683,
            "Count": 204
        },
        {
            "LHS": [
                "22916",
                "22920"
            ],
            "RHS": [
                "22917"
            ],
            "Confidence": 0.9526066350710901,
            "Lift": 79.07820888478103,
            "Conviction": 20.845821253623942,
            "Leverage": 0.00991993464641803,
            "LHS_Count": 211,
            "LHS_Support": 0.010546835949215235,
            "RHS_Count": 241,
            "RHS_Support": 0.012046386084174748,
            "Support": 0.010046985904228731,
            "Count": 201
        },
        {
            "LHS": [
                "22917"
            ],
            "RHS": [
                "22916",
                "22920"
            ],
            "Confidence": 0.8340248962655601,
            "Lift": 79.07820888478102,
            "Conviction": 5.961455313405976,
            "Leverage": 0.00991993464641803,
            "LHS_Count": 241,
            "LHS_Support": 0.012046386084174748,
            "RHS_Count": 211,
            "RHS_Support": 0.010546835949215235,
            "Support": 0.010046985904228731,
            "Count": 201
        },
        {
            "LHS": [
                "22916"
            ],
            "RHS": [
                "22917",
                "22920"
            ],
            "Confidence": 0.8481012658227848,
            "Lift": 78.91680894907272,
            "Conviction": 6.512583724882534,
            "Leverage": 0.00991967480234786,
            "LHS_Count": 237,
            "LHS_Support": 0.011846446066180146,
            "RHS_Count": 215,
            "RHS_Support": 0.010746775967209837,
            "Support": 0.010046985904228731,
            "Count": 201
        },
        {
            "LHS": [
                "22917",
                "22920"
            ],
            "RHS": [
                "22916"
            ],
            "Confidence": 0.9348837209302326,
            "Lift": 78.91680894907272,
            "Conviction": 15.17521529255511,
            "Leverage": 0.00991967480234786,
            "LHS_Count": 215,
            "LHS_Support": 0.010746775967209837,
            "RHS_Count": 237,
            "RHS_Support": 0.011846446066180146,
            "Support": 0.010046985904228731,
            "Count": 201
        },
        {
            "LHS": [
                "22916"
            ],
            "RHS": [
                "22917"
            ],
            "Confidence": 0.9367088607594936,
            "Lift": 77.75849571931298,
            "Conviction": 15.60966709987001,
            "Leverage": 0.01095396413566183,
            "LHS_Count": 237,
            "LHS_Support": 0.011846446066180146,
            "RHS_Count": 241,
            "RHS_Support": 0.012046386084174748,
            "Support": 0.01109667099870039,
            "Count": 222
        },
        {
            "LHS": [
                "22917"
            ],
            "RHS": [
                "22916"
            ],
            "Confidence": 0.921161825726141,
            "Lift": 77.75849571931298,
            "Conviction": 12.533947710423707,
            "Leverage": 0.01095396413566183,
            "LHS_Count": 241,
            "LHS_Support": 0.012046386084174748,
            "RHS_Count": 237,
            "RHS_Support": 0.011846446066180146,
            "Support": 0.01109667099870039,
            "Count": 222
        },
        {
            "LHS": [
                "22918"
            ],
            "RHS": [
                "22916",
                "22917"
            ],
            "Confidence": 0.8535564853556485,
            "Lift": 76.92004975686984,
            "Conviction": 6.752797018037446,
            "Leverage": 0.010064375468924852,
            "LHS_Count": 239,
            "LHS_Support": 0.011946416075177447,
            "RHS_Count": 222,
            "RHS_Support": 0.01109667099870039,
            "Support": 0.010196940917724683,
            "Count": 204
        },
        {
            "LHS": [
                "22916",
                "22917"
            ],
            "RHS": [
                "22918"
            ],
            "Confidence": 0.918918918918919,
            "Lift": 76.92004975686984,
            "Conviction": 12.185994201739486,
            "Leverage": 0.010064375468924852,
            "LHS_Count": 222,
            "LHS_Support": 0.01109667099870039,
            "RHS_Count": 239,
            "RHS_Support": 0.011946416075177447,
            "Support": 0.010196940917724683,
            "Count": 204
        },
        {
            "LHS": [
                "22916"
            ],
            "RHS": [
                "22918"
            ],
            "Confidence": 0.9029535864978903,
            "Lift": 75.58363787228784,
            "Conviction": 10.181247799573168,
            "Leverage": 0.010555268388992449,
            "LHS_Count": 237,
            "LHS_Support": 0.011846446066180146,
            "RHS_Count": 239,
            "RHS_Support": 0.011946416075177447,
            "Support": 0.010696790962711186,
            "Count": 214
        },
        {
            "LHS": [
                "22918"
            ],
            "RHS": [
                "22916"
            ],
            "Confidence": 0.8953974895397488,
            "Lift": 75.58363787228782,
            "Conviction": 9.446747975607309,
            "Leverage": 0.010555268388992449,
            "LHS_Count": 239,