{
    "min_support": 0.4,
    "min_confidence": 0.9,
    "min_lift": 1.6,
    "max_length": 4,
    "ssort": -3,
    "datasetName": "34house-votes-84.csv",
    "redundantRemoveType": 0,
    "Records": 435,
    "RecordsCreationTime": "0.008",
    "RulesCount": 15,
    "RulesCreationTime": "0.007",
    "rules": [
        {
            "LHS": [
                "physician"
            ],
            "RHS": [
                "salvador"
            ],
            "Confidence": 0.9308510638297872,
            "Lift": 1.7837894835504733,
            "Conviction": 6.91494252873563,
            "Leverage": 0.17676839741049016,
            "LHS_Count": 188,
            "LHS_Support": 0.432183908045977,
            "RHS_Count": 227,
            "RHS_Support": 0.5218390804597701,
            "Support": 0.40229885057471265,
            "Count": 175
        },
        {
            "LHS": [
                "physician"
            ],
            "RHS": [
                "party",
                "salvador"
            ],
            "Confidence": 0.9308510638297872,
            "Lift": 1.7837894835504733,
            "Conviction": 6.91494252873563,
            "Leverage": 0.17676839741049016,
            "LHS_Count": 188,
            "LHS_Support": 0.432183908045977,
            "RHS_Count": 227,
            "RHS_Support": 0.5218390804597701,
            "Support": 0.40229885057471265,
            "Count": 175
        },
        {
            "LHS": [
                "party",
                "physician"
            ],
            "RHS": [
                "salvador"
            ],
            "Confidence": 0.9308510638297872,
            "Lift": 1.7837894835504733,
            "Conviction": 6.91494252873563,
            "Leverage": 0.17676839741049016,
            "LHS_Count": 188,
            "LHS_Support": 0.432183908045977,
            "RHS_Count": 227,
            "RHS_Support": 0.5218390804597701,
            "Support": 0.40229885057471265,
            "Count": 175
        },
        {
            "LHS": [
                "religious",
                "superfund",
                "crime"
            ],
            "RHS": [
                "salvador"
            ],
            "Confidence": 0.9255319148936171,
            "Lift": 1.773596400787328,
            "Conviction": 6.421018062397378,
            "Leverage": 0.17446954683577753,
            "LHS_Count": 188,
            "LHS_Support": 0.432183908045977,
            "RHS_Count": 227,
            "RHS_Support": 0.5218390804597701,
            "Support": 0.4,
            "Count": 174
        },
        {
            "LHS": [
                "superfund",
                "crime"
            ],
            "RHS": [
                "salvador"
            ],
            "Confidence": 0.91,
            "Lift": 1.7438325991189427,
            "Conviction": 5.312899106002556,
            "Leverage": 0.17846479059320916,
            "LHS_Count": 200,
            "LHS_Support": 0.45977011494252873,
            "RHS_Count": 227,
            "RHS_Support": 0.5218390804597701,
            "Support": 0.41839080459770117,
            "Count": 182
        },
        {
            "LHS": [
                "superfund",
                "crime"
            ],
            "RHS": [
                "party",
                "salvador"
            ],
            "Confidence": 0.91,
            "Lift": 1.7438325991189427,
            "Conviction": 5.312899106002556,
            "Leverage": 0.17846479059320916,
            "LHS_Count": 200,
            "LHS_Support": 0.45977011494252873,
            "RHS_Count": 227,
            "RHS_Support": 0.5218390804597701,
            "Support": 0.41839080459770117,
            "Count": 182
        },
        {
            "LHS": [
                "party",
                "crime",
                "superfund"
            ],
            "RHS": [
                "salvador"
            ],
            "Confidence": 0.91,
            "Lift": 1.7438325991189427,
            "Conviction": 5.312899106002556,
            "Leverage": 0.17846479059320916,
            "LHS_Count": 200,
            "LHS_Support": 0.45977011494252873,
            "RHS_Count": 227,
            "RHS_Support": 0.5218390804597701,
            "Support": 0.41839080459770117,
            "Count": 182
        },
        {
            "LHS": [
                "superfund",
                "salvador"
            ],
            "RHS": [
                "religious",
                "crime"
            ],
            "Confidence": 0.9206349206349207,
            "Lift": 1.74120082815735,
            "Conviction": 5.937931034482763,
            "Leverage": 0.17027348394768135,
            "LHS_Count": 189,
            "LHS_Support": 0.43448275862068964,
            "RHS_Count": 230,
            "RHS_Support": 0.5287356321839081,
            "Support": 0.4,
            "Count": 174
        },
        {
            "LHS": [
                "satellite",
                "missile",
                "budget"
            ],
            "RHS": [
                "aid"
            ],
            "Confidence": 0.9668508287292819,
            "Lift": 1.636498484425049,
            "Conviction": 12.344061302682023,
            "Leverage": 0.15646981107147576,
            "LHS_Count": 181,
            "LHS_Support": 0.4160919540229885,
            "RHS_Count": 257,
            "RHS_Support": 0.5908045977011495,
            "Support": 0.40229885057471265,
            "Count": 175
        },
        {
            "LHS": [
                "satellite",
                "missile"
            ],
            "RHS": [
                "aid"
            ],
            "Confidence": 0.9554455445544554,
            "Lift": 1.6171938205493699,
            "Conviction": 9.184163473818638,
            "Leverage": 0.16932752014797192,
            "LHS_Count": 202,
            "LHS_Support": 0.46436781609195404,
            "RHS_Count": 257,
            "RHS_Support": 0.5908045977011495,
            "Support": 0.4436781609195402,
            "Count": 193
        },
        {
            "LHS": [
                "satellite",
                "missile"
            ],
            "RHS": [
                "aid",
                "party"
            ],
            "Confidence": 0.9554455445544554,
            "Lift": 1.6171938205493699,
            "Conviction": 9.184163473818638,
            "Leverage": 0.16932752014797192,
            "LHS_Count": 202,
            "LHS_Support": 0.46436781609195404,
            "RHS_Count": 257,
            "RHS_Support": 0.5908045977011495,
            "Support": 0.4436781609195402,
            "Count": 193
        },
        {
            "LHS": [
                "satellite",
                "party",
                "missile"
            ],
            "RHS": [
                "aid"
            ],
            "Confidence": 0.9554455445544554,
            "Lift": 1.6171938205493699,
            "Conviction": 9.184163473818638,
            "Leverage": 0.16932752014797192,
            "LHS_Count": 202,
            "LHS_Support": 0.46436781609195404,
            "RHS_Count": 257,
            "RHS_Support": 0.5908045977011495,
            "Support": 0.4436781609195402,
            "Count": 193
        },
        {
            "LHS": [
                "missile",
                "budget"
            ],
            "RHS": [
                "aid"
            ],
            "Confidence": 0.9458128078817734,
            "Lift": 1.6008893829905502,
            "Conviction": 7.551515151515145,
            "Leverage": 0.16567049808429118,
            "LHS_Count": 203,
            "LHS_Support": 0.4666666666666667,
            "RHS_Count": 257,
            "RHS_Support": 0.5908045977011495,
            "Support": 0.4413793103448276,
            "Count": 192
        },
        {
            "LHS": [
                "missile",
                "budget"
            ],
            "RHS": [
                "aid",
                "party"
            ],