{
    "min_support": 0.01,
    "min_confidence": 0.2,
    "min_lift": 1.5,
    "max_length": 4,
    "ssort": -3,
    "datasetName": "3_L-0012_2017.csv",
    "redundantRemoveType": 0,
    "Records": 3678,
    "RecordsCreationTime": "1.609",
    "RulesCount": 9,
    "RulesCreationTime": "0.007",
    "rules": [
        {
            "LHS": [
                "\u0395\u039d\u03a9\u03a40002"
            ],
            "RHS": [
                "\u0395\u039d\u03a9\u03a40001"
            ],
            "Confidence": 0.8541666666666667,
            "Lift": 53.24788135593221,
            "Conviction": 6.747145187601961,
            "Leverage": 0.010938014223277245,
            "LHS_Count": 48,
            "LHS_Support": 0.013050570962479609,
            "RHS_Count": 59,
            "RHS_Support": 0.016041326808047852,
            "Support": 0.011147362697118,
            "Count": 41
        },
        {
            "LHS": [
                "\u0395\u039d\u03a9\u03a40001"
            ],
            "RHS": [
                "\u0395\u039d\u03a9\u03a40002"
            ],
            "Confidence": 0.6949152542372882,
            "Lift": 53.2478813559322,
            "Conviction": 3.2350009062896503,
            "Leverage": 0.010938014223277245,
            "LHS_Count": 59,
            "LHS_Support": 0.016041326808047852,
            "RHS_Count": 48,
            "RHS_Support": 0.013050570962479609,
            "Support": 0.011147362697118,
            "Count": 41
        },
        {
            "LHS": [
                "\u0396\u03a9\u039f\u03a40098"
            ],
            "RHS": [
                "\u03a3\u03a0\u039f\u03a10053"
            ],
            "Confidence": 0.7543859649122807,
            "Lift": 8.537327935222672,
            "Conviction": 3.7116639477977165,
            "Leverage": 0.010321722476663412,
            "LHS_Count": 57,
            "LHS_Support": 0.015497553017944535,
            "RHS_Count": 325,
            "RHS_Support": 0.08836324089178901,
            "Support": 0.011691136487221317,
            "Count": 43
        },
        {
            "LHS": [
                "\u0394\u0399\u0391\u03a60083"
            ],
            "RHS": [
                "\u03a3\u03a0\u039f\u03a10053"
            ],
            "Confidence": 0.5068493150684932,
            "Lift": 5.735974710221286,
            "Conviction": 1.8485967615249834,
            "Leverage": 0.008306004191109138,
            "LHS_Count": 73,
            "LHS_Support": 0.01984774333877107,
            "RHS_Count": 325,
            "RHS_Support": 0.08836324089178901,
            "Support": 0.010059815116911366,
            "Count": 37
        },
        {
            "LHS": [
                "\u0396\u03a9\u039f\u03a40079"
            ],
            "RHS": [
                "\u03a3\u03a0\u039f\u03a10053"
            ],
            "Confidence": 0.39631336405529954,
            "Lift": 4.4850478553704365,
            "Conviction": 1.510115852873907,
            "Leverage": 0.018168889811441487,
            "LHS_Count": 217,
            "LHS_Support": 0.0589994562262099,
            "RHS_Count": 325,
            "RHS_Support": 0.08836324089178901,
            "Support": 0.023382272974442633,
            "Count": 86
        },
        {
            "LHS": [
                "\u03a3\u03a0\u039f\u03a10053"
            ],
            "RHS": [
                "\u0396\u03a9\u039f\u03a40079"
            ],
            "Confidence": 0.26461538461538464,
            "Lift": 4.4850478553704365,
            "Conviction": 1.2796032499015975,
            "Leverage": 0.018168889811441487,
            "LHS_Count": 325,
            "LHS_Support": 0.08836324089178901,
            "RHS_Count": 217,
            "RHS_Support": 0.0589994562262099,
            "Support": 0.023382272974442633,
            "Count": 86
        },
        {
            "LHS": [
                "\u0396\u03a9\u039f\u03a40007"
            ],
            "RHS": [
                "\u03a3\u03a0\u039f\u03a10053"
            ],
            "Confidence": 0.376,
            "Lift": 4.255163076923077,
            "Conviction": 1.4609563447246972,
            "Leverage": 0.009775583167081669,
            "LHS_Count": 125,
            "LHS_Support": 0.033985861881457316,
            "RHS_Count": 325,
            "RHS_Support": 0.08836324089178901,
            "Support": 0.01277868406742795,
            "Count": 47
        },
        {
            "LHS": [
                "\u0396\u03a9\u039f\u03a40004"
            ],
            "RHS": [
                "\u03a3\u03a0\u039f\u03a10053"
            ],
            "Confidence": 0.3464566929133859,
            "Lift": 3.9208237431859487,
            "Conviction": 1.3949140771896722,
            "Leverage": 0.008911872867521153,
            "LHS_Count": 127,
            "LHS_Support": 0.03452963567156063,
            "RHS_Count": 325,
            "RHS_Support": 0.08836324089178901,
            "Support": 0.011963023382272975,
            "Count": 44
        },
        {
            "LHS": [
                "\u03a3\u039a\u03a5\u039b0010"
            ],
            "RHS": [
                "\u03a3\u03a0\u039f\u03a10053"
            ],
            "Confidence": 0.3053435114503817,
            "Lift": 3.45554903112155,
            "Conviction": 1.3123562136612708,
            "Leverage": 0.007728226058503438,
            "LHS_Count": 131,
            "LHS_Support": 0.03561718325176726,
            "RHS_Count": 325,
            "RHS_Support": 0.08836324089178901,
            "Support": 0.010875475802066341,
            "Count": 40
        }
    ]
}