{
    "min_support": 0.005,
    "min_confidence": 0.1,
    "min_lift": 1.5,
    "max_length": 4,
    "ssort": -3,
    "datasetName": "3_l-0031_2023.csv",
    "redundantRemoveType": 0,
    "Records": 2340,
    "RecordsCreationTime": "2.314",
    "RulesCount": 30,
    "RulesCreationTime": "0.015",
    "rules": [
        {
            "LHS": [
                "034.51.016"
            ],
            "RHS": [
                "034.51.024"
            ],
            "Confidence": 0.75,
            "Lift": 125.35714285714285,
            "Conviction": 3.976068376068376,
            "Leverage": 0.005087296369347651,
            "LHS_Count": 16,
            "LHS_Support": 0.006837606837606838,
            "RHS_Count": 14,
            "RHS_Support": 0.005982905982905983,
            "Support": 0.005128205128205128,
            "Count": 12
        },
        {
            "LHS": [
                "034.51.024"
            ],
            "RHS": [
                "034.51.016"
            ],
            "Confidence": 0.8571428571428571,
            "Lift": 125.35714285714285,
            "Conviction": 6.95213675213675,
            "Leverage": 0.005087296369347651,
            "LHS_Count": 14,
            "LHS_Support": 0.005982905982905983,
            "RHS_Count": 16,
            "RHS_Support": 0.006837606837606838,
            "Support": 0.005128205128205128,
            "Count": 12
        },
        {
            "LHS": [
                "034.53.025"
            ],
            "RHS": [
                "034.53.026"
            ],
            "Confidence": 0.923076923076923,
            "Lift": 107.99999999999999,
            "Conviction": 12.888888888888879,
            "Leverage": 0.005080721747388414,
            "LHS_Count": 13,
            "LHS_Support": 0.005555555555555556,
            "RHS_Count": 20,
            "RHS_Support": 0.008547008547008548,
            "Support": 0.005128205128205128,
            "Count": 12
        },
        {
            "LHS": [
                "034.53.026"
            ],
            "RHS": [
                "034.53.025"
            ],
            "Confidence": 0.6,
            "Lift": 107.99999999999999,
            "Conviction": 2.486111111111111,
            "Leverage": 0.005080721747388414,
            "LHS_Count": 20,
            "LHS_Support": 0.008547008547008548,
            "RHS_Count": 13,
            "RHS_Support": 0.005555555555555556,
            "Support": 0.005128205128205128,
            "Count": 12
        },
        {
            "LHS": [
                "024.25.129"
            ],
            "RHS": [
                "034.56.126"
            ],
            "Confidence": 0.7692307692307693,
            "Lift": 90.0,
            "Conviction": 4.296296296296298,
            "Leverage": 0.00845204178537512,
            "LHS_Count": 26,
            "LHS_Support": 0.011111111111111112,
            "RHS_Count": 20,
            "RHS_Support": 0.008547008547008548,
            "Support": 0.008547008547008548,
            "Count": 20
        },
        {
            "LHS": [
                "034.56.126"
            ],
            "RHS": [
                "024.25.129"
            ],
            "Confidence": 1.0,
            "Lift": 90.0,
            "Conviction": 999.999,
            "Leverage": 0.00845204178537512,
            "LHS_Count": 20,
            "LHS_Support": 0.008547008547008548,
            "RHS_Count": 26,
            "RHS_Support": 0.011111111111111112,
            "Support": 0.008547008547008548,
            "Count": 20
        },
        {
            "LHS": [
                "034.53.014"
            ],
            "RHS": [
                "034.53.026"
            ],
            "Confidence": 0.6666666666666666,
            "Lift": 77.99999999999999,
            "Conviction": 2.974358974358974,
            "Leverage": 0.005062458908612755,
            "LHS_Count": 18,
            "LHS_Support": 0.007692307692307693,
            "RHS_Count": 20,
            "RHS_Support": 0.008547008547008548,
            "Support": 0.005128205128205128,
            "Count": 12
        },
        {
            "LHS": [
                "034.53.026"
            ],
            "RHS": [
                "034.53.014"
            ],
            "Confidence": 0.6,
            "Lift": 77.99999999999999,
            "Conviction": 2.480769230769231,
            "Leverage": 0.005062458908612755,
            "LHS_Count": 20,
            "LHS_Support": 0.008547008547008548,
            "RHS_Count": 18,
            "RHS_Support": 0.007692307692307693,
            "Support": 0.005128205128205128,
            "Count": 12
        },
        {
            "LHS": [
                "034.50.003"
            ],
            "RHS": [
                "034.50.009"
            ],
            "Confidence": 0.5,
            "Lift": 73.125,
            "Conviction": 1.9863247863247864,
            "Leverage": 0.0059010884651910294,
            "LHS_Count": 28,
            "LHS_Support": 0.011965811965811967,
            "RHS_Count": 16,
            "RHS_Support": 0.006837606837606838,
            "Support": 0.005982905982905983,
            "Count": 14
        },
        {
            "LHS": [
                "034.50.009"
            ],
            "RHS": [
                "034.50.003"
            ],
            "Confidence": 0.8750000000000001,
            "Lift": 73.125,
            "Conviction": 7.904273504273512,
            "Leverage": 0.0059010884651910294,
            "LHS_Count": 16,
            "LHS_Support": 0.006837606837606838,
            "RHS_Count": 28,
            "RHS_Support": 0.011965811965811967,
            "Support": 0.005982905982905983,
            "Count": 14
        },
        {
            "LHS": [
                "011.19.028"
            ],
            "RHS": [
                "030.19.030"
            ],
            "Confidence": 0.631578947368421,
            "Lift": 50.96188747731397,
            "Conviction": 2.6806471306471304,
            "Leverage": 0.005027576886551245,
            "LHS_Count": 19,
            "LHS_Support": 0.00811965811965812,
            "RHS_Count": 29,
            "RHS_Support": 0.012393162393162393,
            "Support": 0.005128205128205128,
            "Count": 12
        },
        {
            "LHS": [
                "030.19.030"
            ],
            "RHS": [
                "011.19.028"
            ],
            "Confidence": 0.41379310344827586,
            "Lift": 50.96188747731397,
            "Conviction": 1.692031171442936,
            "Leverage": 0.005027576886551245,
            "LHS_Count": 29,
            "LHS_Support": 0.012393162393162393,
            "RHS_Count": 19,
            "RHS_Support": 0.00811965811965812,
            "Support": 0.005128205128205128,
            "Count": 12
        },
        {
            "LHS": [
                "004.06.005"
            ],
            "RHS": [
                "006.46.008"
            ],
            "Confidence": 0.6451612903225807,
            "Lift": 29.03225806451613,
            "Conviction": 2.755555555555556,
            "Leverage": 0.00825261158594492,
            "LHS_Count": 31,
            "LHS_Support": 0.013247863247863248,
            "RHS_Count": 52,
            "RHS_Support": 0.022222222222222223,
            "Support": 0.008547008547008548,
            "Count": 20
        },
        {
            "LHS": [
                "006.46.008"
            ],
            "RHS": [
                "004.06.005"
            ],
            "Confidence": 0.38461538461538464,
            "Lift": 29.03225806451613,
            "Conviction": 1.6034722222222222,
            "Leverage": 0.00825261158594492,
            "LHS_Count": 52,
            "LHS_Support": 0.022222222222222223,
            "RHS_Count": 31,
            "RHS_Support": 0.013247863247863248,
            "Support": 0.008547008547008548,
            "Count": 20
        },
        {
            "LHS": [
                "014.44.001"
            ],