{
    "min_support": 0.01,
    "min_confidence": 0.2,
    "min_lift": 1.5,
    "max_length": 4,
    "ssort": -3,
    "datasetName": "3_L-0005_2014.csv",
    "datasetType": 3,
    "outputType": 3,
    "redundantRemoveType": 0,
    "datasetArgs": "['N', '1.05', '1.07', '1.08', '1.09', '1.1', '1.11', '1.12', '1.14', '1.19', '1.2', '1.21', '1.22', '1.23', '1.24', '1.25', '2.01', '2.02', '2.03', '2.04', '2.05', '2.06', '2.07', '2.08', '2.09', '3.01', '3.03', '3.04', '3.05', '3.07', '3.09', '3.1', '3.11', '4.01', '5.01', '5.02', '5.03', '5.04', '5.05', '5.06', '5.07', '5.1', '5.11', '5.12', '5.13', '5.15', '5.16', '5.17', '5.21', '5.24', '5.26', '5.27', '5.28', '5.29', '5.31', '5.32', '5.34', '5.35', '5.36', '5.37', '5.38', '5.39', '5.4', '5.41', '5.42', '5.43', '5.44', '5.45', '5.46', '5.47', '5.48', '5.49', '6.04', '6.05', '6.06', '6.09', '6.1', '6.12', '6.13', '6.14', '6.15', '6.16', '6.17', '6.18', '6.19', '6.2', '6.21', '6.22', '6.23', '6.24', '6.25', '7.01', '7.02', '28.02', '99.01']",
    "Records": 5109,
    "RecordsCreationTime": "0.311",
    "RulesCount": 7,
    "RulesCreationTime": "0.008",
    "rules": [
        {
            "LHS": [
                "5.28"
            ],
            "RHS": [
                "5.29"
            ],
            "Confidence": 0.5185185185185185,
            "Lift": 27.885380116959066,
            "Conviction": 2.0383034464067933,
            "Leverage": 0.01320996751153681,
            "LHS_Count": 135,
            "LHS_Support": 0.026423957721667644,
            "RHS_Count": 95,
            "RHS_Support": 0.0185946369152476,
            "Support": 0.013701311411235075,
            "Count": 70
        },
        {
            "LHS": [
                "5.29"
            ],
            "RHS": [
                "5.28"
            ],
            "Confidence": 0.7368421052631579,
            "Lift": 27.885380116959066,
            "Conviction": 3.6995889606576626,
            "Leverage": 0.01320996751153681,
            "LHS_Count": 95,
            "LHS_Support": 0.0185946369152476,
            "RHS_Count": 135,
            "RHS_Support": 0.026423957721667644,
            "Support": 0.013701311411235075,
            "Count": 70
        },
        {
            "LHS": [
                "5.1"
            ],
            "RHS": [
                "5.11"
            ],
            "Confidence": 0.5188284518828452,
            "Lift": 9.709503885236103,
            "Conviction": 1.9672087620311982,
            "Leverage": 0.02177118959357757,
            "LHS_Count": 239,
            "LHS_Support": 0.04678019181835976,
            "RHS_Count": 273,
            "RHS_Support": 0.05343511450381679,
            "Support": 0.024270894499902135,
            "Count": 124
        },
        {
            "LHS": [
                "5.11"
            ],
            "RHS": [
                "5.1"
            ],
            "Confidence": 0.45421245421245426,
            "Lift": 9.709503885236103,
            "Conviction": 1.7465034069368308,
            "Leverage": 0.02177118959357757,
            "LHS_Count": 273,
            "LHS_Support": 0.05343511450381679,
            "RHS_Count": 239,
            "RHS_Support": 0.04678019181835976,
            "Support": 0.024270894499902135,
            "Count": 124
        },
        {
            "LHS": [
                "5.03"
            ],
            "RHS": [
                "5.04"
            ],
            "Confidence": 0.21637426900584797,
            "Lift": 4.404207730481583,
            "Conviction": 1.213424948072322,
            "Leverage": 0.011195514989896706,
            "LHS_Count": 342,
            "LHS_Support": 0.06694069289489137,
            "RHS_Count": 251,
            "RHS_Support": 0.04912898806028577,
            "Support": 0.01448424349187708,
            "Count": 74
        },
        {
            "LHS": [
                "5.04"
            ],
            "RHS": [
                "5.03"
            ],
            "Confidence": 0.2948207171314741,
            "Lift": 4.404207730481583,
            "Conviction": 1.323151898776171,
            "Leverage": 0.011195514989896706,
            "LHS_Count": 251,
            "LHS_Support": 0.04912898806028577,
            "RHS_Count": 342,
            "RHS_Support": 0.06694069289489137,
            "Support": 0.01448424349187708,
            "Count": 74
        },
        {
            "LHS": [
                "5.13"
            ],
            "RHS": [
                "5.02"
            ],
            "Confidence": 0.3033707865168539,
            "Lift": 2.7143981581691885,
            "Conviction": 1.2750490911042498,
            "Leverage": 0.01001353120872783,
            "LHS_Count": 267,
            "LHS_Support": 0.05226071638285379,
            "RHS_Count": 571,
            "RHS_Support": 0.11176355451164612,
            "Support": 0.015854374633000587,
            "Count": 81
        }
    ]
}