{
    "min_support": 0.01,
    "min_confidence": 0.2,
    "min_lift": 1.5,
    "max_length": 4,
    "ssort": -3,
    "datasetName": "4monks-1.test",
    "datasetType": 4,
    "outputType": 3,
    "redundantRemoveType": 0,
    "datasetArgs": "",
    "Records": 432,
    "RecordsCreationTime": "0.000",
    "RulesCount": 2,
    "RulesCreationTime": "0.005",
    "rules": [
        {
            "LHS": [
                "0"
            ],
            "RHS": [
                "2",
                "3",
                "4"
            ],
            "Confidence": 0.24074074074074073,
            "Lift": 1.5072463768115942,
            "Conviction": 1.1067073170731707,
            "Leverage": 0.04050925925925926,
            "LHS_Count": 216,
            "LHS_Support": 0.5,
            "RHS_Count": 69,
            "RHS_Support": 0.1597222222222222,
            "Support": 0.12037037037037036,
            "Count": 52
        },
        {
            "LHS": [
                "2",
                "3",
                "4"
            ],
            "RHS": [
                "0"
            ],
            "Confidence": 0.7536231884057971,
            "Lift": 1.5072463768115942,
            "Conviction": 2.0294117647058827,
            "Leverage": 0.04050925925925926,
            "LHS_Count": 69,
            "LHS_Support": 0.1597222222222222,
            "RHS_Count": 216,
            "RHS_Support": 0.5,
            "Support": 0.12037037037037036,
            "Count": 52
        }
    ]
}