{
    "Algorithm": "HTKMiner_TS",
    "Language": "python",
    "library": "Mall",
    "minSup": 0.4827930848984223,
    "minSupAbsolute": 164238,
    "topK": 10000,
    "totalFI": 10000,
    "Rank": 9137,
    "Items": 468,
    "TopK 1-itemsets": 26,
    "Runtime": 2365.616354942322,
    "Memory": 6947180544
}