{
    "Algorithm": "HTKMiner_BSN",
    "Language": "python",
    "library": "Mall",
    "minSup": 0.8196999850080692,
    "minSupAbsolute": 278848,
    "topK": 100,
    "totalFI": 100,
    "Rank": 100,
    "Items": 468,
    "TopK 1-itemsets": 9,
    "Runtime": 9.052768468856812,
    "Memory": 28250112
}