{
    "Algorithm": "HTKMiner_df_bs",
    "Language": "python",
    "library": "Mall",
    "minSup": 0.8196999850080692,
    "topK": 100,
    "totalFI": 100,
    "Rank": 100,
    "Runtime": 9.35181713104248,
    "Memory": 30724096
}