{
    "Algorithm": "HTKMiner_df_bs",
    "Language": "python",
    "library": "Mall",
    "minSup": 0.6564114020982824,
    "topK": 1000,
    "totalFI": 1000,
    "Rank": 986,
    "Runtime": 10.242481231689453,
    "Memory": 137355264
}