{
    "Algorithm": "HTKMiner_df",
    "Language": "python",
    "library": "Mall",
    "minSup": 0.8196999850080692,
    "topK": 100,
    "totalFI": 100,
    "Rank": 100,
    "Runtime": 10.074646234512329,
    "Memory": 167931904
}