{
    "Algorithm": "HTKMiner_sp_bs",
    "Language": "python",
    "library": "Mall",
    "minSup": 0.4827930848984223,
    "topK": 10000,
    "totalFI": 10000,
    "Rank": 9137,
    "Runtime": 21.562021255493164,
    "Memory": 836968448
}