{
    "Algorithm": "HTKMiner_TS",
    "Language": "python",
    "library": "Mall",
    "minSup": 0.8196999850080692,
    "minSupAbsolute": 278848,
    "topK": 100,
    "totalFI": 100,
    "Rank": 100,
    "Items": 468,
    "TopK 1-itemsets": 9,
    "Runtime": 13.486732006072998,
    "Memory": 240615424
}