{
    "Algorithm": "HTKMiner_sp",
    "Language": "python",
    "library": "Mall",
    "minSup": 0.8196999850080692,
    "topK": 100,
    "totalFI": 100,
    "Rank": 100,
    "Runtime": 17.28759503364563,
    "Memory": 301486080
}