{
    "Algorithm": "HTKMiner_sp_bs",
    "Language": "python",
    "library": "Mall",
    "minSup": 0.6564114020982824,
    "topK": 1000,
    "totalFI": 1000,
    "Rank": 986,
    "Runtime": 10.470080375671387,
    "Memory": 134418432
}