{
    "Algorithm": "HTKMiner_sp_bs",
    "Language": "python",
    "library": "Mall",
    "minSup": 0.4827930848984223,
    "topK": 10000,
    "totalFI": 10000,
    "Rank": 9137,
    "Items": 468,
    "TopK 1-itemsets": 26,
    "Runtime": 18.28621196746826,
    "Memory": 428699648
}