{
    "Algorithm": "HTKMiner_DBSN",
    "Language": "python",
    "library": "Mall",
    "minSup": 0.8196999850080692,
    "minSupAbsolute": 278848,
    "topK": 100,
    "totalFI": 100,
    "Rank": 100,
    "Items": 468,
    "TopK 1-itemsets": 9,
    "Runtime": 8.84328007698059,
    "Memory": 28192768
}