{
    "Algorithm": "HTKMiner_sp_bs",
    "Language": "python",
    "library": "Mall",
    "minSup": 0.6564114020982824,
    "topK": 1000,
    "totalFI": 1000,
    "Rank": 986,
    "Items": 468,
    "TopK 1-itemsets": 18,
    "Runtime": 10.412556648254395,
    "Memory": 134230016
}