{
    "Algorithm": "HTKMiner_DTS",
    "Language": "python",
    "library": "Mall",
    "minSup": 0.6564114020982824,
    "minSupAbsolute": 223300,
    "topK": 1000,
    "totalFI": 1000,
    "Rank": 986,
    "Items": 468,
    "TopK 1-itemsets": 18,
    "Runtime": 102.86342477798462,
    "Memory": 1526140928
}