{
    "Algorithm": "HTKMiner_sp_bs",
    "Language": "python",
    "library": "Mall",
    "minSup": 0.8196999850080692,
    "topK": 100,
    "totalFI": 100,
    "Rank": 100,
    "Items": 468,
    "TopK 1-itemsets": 9,
    "Runtime": 9.756875991821289,
    "Memory": 30720000
}