{
    "Algorithm": "HTKMiner_sp_bs",
    "Language": "python",
    "library": "Mall",
    "minSup": 0.8196999850080692,
    "topK": 100,
    "totalFI": 100,
    "Rank": 100,
    "Runtime": 9.369897365570068,
    "Memory": 30842880
}