{
    "Algorithm": "HTKMiner_sp_bs",
    "Language": "python",
    "library": "Mall",
    "minSup": 0.8864205256570713,
    "topK": 1000,
    "totalFI": 1001,
    "Rank": 247,
    "Runtime": 3.224416494369507,
    "Memory": 33091584
}