{
    "Algorithm": "HTKMiner_sp_bs",
    "Language": "python",
    "library": "Mall",
    "minSup": 0.945244055068836,
    "topK": 100,
    "totalFI": 102,
    "Rank": 71,
    "Runtime": 0.30292773246765137,
    "Memory": 11812864
}