{
    "Algorithm": "HTKMiner_DBSN",
    "Language": "python",
    "library": "Mall",
    "minSup": 0.8864205256570713,
    "minSupAbsolute": 2833,
    "topK": 1000,
    "totalFI": 1001,
    "Rank": 247,
    "Items": 75,
    "TopK 1-itemsets": 16,
    "Runtime": 0.3699808120727539,
    "Memory": 13500416
}