{
    "Algorithm": "HTKMiner_df_bs",
    "Language": "python",
    "library": "Mall",
    "minSup": 0.8864205256570713,
    "topK": 1000,
    "totalFI": 1001,
    "Rank": 247,
    "Runtime": 0.3727724552154541,
    "Memory": 13811712
}