{
    "Algorithm": "HTKMiner_df_bs",
    "Language": "python",
    "library": "Mall",
    "minSup": 0.7897371714643304,
    "topK": 10000,
    "totalFI": 10028,
    "Rank": 556,
    "Runtime": 7.803490161895752,
    "Memory": 30306304
}