{
    "Algorithm": "HTKMiner_sp_bs",
    "Language": "python",
    "library": "Mall",
    "minSup": 0.7897371714643304,
    "topK": 10000,
    "totalFI": 10028,
    "Rank": 556,
    "Items": 75,
    "TopK 1-itemsets": 21,
    "Runtime": 7.851421356201172,
    "Memory": 29753344
}