{
    "Algorithm": "HTKMiner_sp_bs",
    "Language": "python",
    "library": "Mall",
    "minSup": 0.8864205256570713,
    "topK": 1000,
    "totalFI": 1001,
    "Rank": 247,
    "Runtime": 4.996325969696045,
    "Memory": 33406976
}