{
    "Algorithm": "HTKMiner_df_bs",
    "Language": "python",
    "library": "Mall",
    "minSup": 0.945244055068836,
    "topK": 100,
    "totalFI": 102,
    "Rank": 71,
    "Runtime": 0.2864809036254883,
    "Memory": 11616256
}