{
    "Algorithm": "HTKMiner_TS",
    "Language": "python",
    "library": "Mall",
    "minSup": 0.9227023106413843,
    "minSupAbsolute": 62335,
    "topK": 10000,
    "totalFI": 10015,
    "Rank": 1605,
    "Items": 129,
    "TopK 1-itemsets": 19,
    "Runtime": 310.1327624320984,
    "Memory": 4207751168
}