{
    "Algorithm": "HTKMiner_df_bs",
    "Language": "python",
    "library": "Mall",
    "minSup": 0.9605962372515061,
    "topK": 1000,
    "totalFI": 1003,
    "Rank": 423,
    "Runtime": 1.4500765800476074,
    "Memory": 33759232
}