{
    "Algorithm": "HTKMiner_sp_bs",
    "Language": "python",
    "library": "Mall",
    "minSup": 0.9605962372515061,
    "topK": 1000,
    "totalFI": 1003,
    "Rank": 423,
    "Runtime": 1.4673171043395996,
    "Memory": 32784384
}