{
    "Algorithm": "HTKMiner_TS",
    "Language": "python",
    "library": "Mall",
    "minSup": 0.9835102209985642,
    "minSupAbsolute": 66443,
    "topK": 100,
    "totalFI": 100,
    "Rank": 76,
    "Items": 129,
    "TopK 1-itemsets": 10,
    "Runtime": 2.2221646308898926,
    "Memory": 67330048
}