{
    "Algorithm": "HTKMiner_sp_bs",
    "Language": "python",
    "library": "Mall",
    "minSup": 0.9835102209985642,
    "topK": 100,
    "totalFI": 100,
    "Rank": 76,
    "Items": 129,
    "TopK 1-itemsets": 10,
    "Runtime": 1.3962087631225586,
    "Memory": 15908864
}