{
    "Algorithm": "HTKMiner_BSN",
    "Language": "python",
    "library": "Mall",
    "minSup": 0.9605962372515061,
    "minSupAbsolute": 64895,
    "topK": 1000,
    "totalFI": 1003,
    "Rank": 423,
    "Items": 129,
    "TopK 1-itemsets": 15,
    "Runtime": 1.3866634368896484,
    "Memory": 23932928
}