{
    "Algorithm": "HTKMiner_BSN",
    "Language": "python",
    "library": "Mall",
    "minSup": 0.9835102209985642,
    "minSupAbsolute": 66443,
    "topK": 100,
    "totalFI": 100,
    "Rank": 76,
    "Items": 129,
    "TopK 1-itemsets": 10,
    "Runtime": 1.3246004581451416,
    "Memory": 15429632
}