{
    "Algorithm": "HTKMiner_df_bs",
    "Language": "python",
    "library": "Mall",
    "minSup": 0.9835102209985642,
    "topK": 100,
    "totalFI": 100,
    "Rank": 76,
    "Runtime": 1.3368685245513916,
    "Memory": 15552512
}