{
    "Algorithm": "HTKMiner_sp_bs",
    "Language": "python",
    "library": "Mall",
    "minSup": 0.9227023106413843,
    "topK": 10000,
    "totalFI": 10015,
    "Rank": 1605,
    "Runtime": 9.382684469223022,
    "Memory": 203247616
}