{
    "Algorithm": "HTKMiner_sp_bs",
    "Language": "python",
    "library": "Mall",
    "minSup": 0.9835102209985642,
    "topK": 100,
    "totalFI": 100,
    "Rank": 76,
    "Runtime": 1.3833041191101074,
    "Memory": 15884288
}