{
    "Algorithm": "HTKMiner_df_bs",
    "Language": "python",
    "library": "Mall",
    "minSup": 0.9227023106413843,
    "topK": 10000,
    "totalFI": 10015,
    "Rank": 1605,
    "Runtime": 9.718474626541138,
    "Memory": 204406784
}