{
    "Algorithm": "HTKMiner_sp_bs",
    "Language": "python",
    "library": "Mall",
    "minSup": 0.002392924458738467,
    "topK": 10000,
    "totalFI": 10007,
    "Rank": 3481,
    "Runtime": 148.67759013175964,
    "Memory": 2780872704
}