{
    "Algorithm": "HTKMiner_TS",
    "Language": "python",
    "library": "Mall",
    "minSup": 0.00030909028466609157,
    "minSupAbsolute": 306,
    "topK": 100,
    "totalFI": 100,
    "Rank": 92,
    "Items": 606770,
    "TopK 1-itemsets": 100,
    "Runtime": 3.606361150741577,
    "Memory": 228286464
}