{
    "Algorithm": "HTKMiner_TS",
    "Language": "python",
    "library": "Mall",
    "minSup": 0.002392924458738467,
    "minSupAbsolute": 2369,
    "topK": 10000,
    "totalFI": 10007,
    "Rank": 3481,
    "Items": 41270,
    "TopK 1-itemsets": 434,
    "Runtime": 1002.9309551715851,
    "Memory": 303210496
}