{
    "Algorithm": "HTKMiner_sp_bs",
    "Language": "python",
    "library": "Mall",
    "minSup": 0.022692883448720304,
    "topK": 100,
    "totalFI": 100,
    "Rank": 100,
    "Runtime": 36.099220752716064,
    "Memory": 315699200
}