{
    "Algorithm": "HTKMiner_sp_bs",
    "Language": "python",
    "library": "Mall",
    "minSup": 0.022692883448720304,
    "minSupAbsolute": 22466,
    "topK": 100,
    "totalFI": 100,
    "Rank": 100,
    "Items": 41270,
    "TopK 1-itemsets": 22,
    "Runtime": 52.00265884399414,
    "Memory": 140886016
}