{
    "Algorithm": "HTKMiner_sp",
    "Language": "python",
    "library": "Mall",
    "minSup": 0.022692883448720304,
    "minSupAbsolute": 22466,
    "topK": 100,
    "totalFI": 100,
    "Rank": 100,
    "Items": 41270,
    "TopK 1-itemsets": 22,
    "Runtime": 14.677054643630981,
    "Memory": 88244224
}