{
    "Algorithm": "HTKMiner_df_bs",
    "Language": "python",
    "library": "Mall",
    "minSup": 0.0063444316274108535,
    "topK": 1000,
    "totalFI": 1000,
    "Rank": 917,
    "Runtime": 17.967922687530518,
    "Memory": 232083456
}