{
    "Algorithm": "HTKMiner_sp_bs",
    "Language": "python",
    "library": "Mall",
    "minSup": 0.002392924458738467,
    "minSupAbsolute": 2369,
    "topK": 10000,
    "totalFI": 10007,
    "Rank": 3481,
    "Items": 41270,
    "TopK 1-itemsets": 434,
    "Runtime": 146.2875940799713,
    "Memory": 2779181056
}