{
    "Algorithm": "HTKMiner_df_bs",
    "Language": "python",
    "library": "Mall",
    "minSup": 0.002392924458738467,
    "topK": 10000,
    "totalFI": 10007,
    "Rank": 3481,
    "Runtime": 186.48067569732666,
    "Memory": 2779217920
}