{
    "Algorithm": "HTKMiner_sp_bs",
    "Language": "python",
    "library": "Mall",
    "minSup": 0.0063444316274108535,
    "topK": 1000,
    "totalFI": 1000,
    "Rank": 917,
    "Runtime": 17.39252209663391,
    "Memory": 231620608
}