{
    "Algorithm": "HTKMiner_BSN",
    "Language": "python",
    "library": "Mall",
    "minSup": 0.022692883448720304,
    "minSupAbsolute": 22466,
    "topK": 100,
    "totalFI": 100,
    "Rank": 100,
    "Items": 41270,
    "TopK 1-itemsets": 22,
    "Runtime": 11.08529806137085,
    "Memory": 74448896
}