{
    "Algorithm": "HTKMiner_sp_bs",
    "Language": "python",
    "library": "Mall",
    "minSup": 0.0063444316274108535,
    "topK": 1000,
    "totalFI": 1000,
    "Rank": 917,
    "Runtime": 17.78965163230896,
    "Memory": 231780352
}