{
    "Algorithm": "HTKMiner_df_bs",
    "Language": "python",
    "library": "Mall",
    "minSup": 0.022692883448720304,
    "topK": 100,
    "totalFI": 100,
    "Rank": 100,
    "Runtime": 11.58435320854187,
    "Memory": 74432512
}