{
    "Algorithm": "HTKMiner_df",
    "Language": "python",
    "library": "Mall",
    "minSup": 0.012266517981600222,
    "topK": 1000,
    "totalFI": 1025,
    "Rank": 143,
    "Runtime": 1.5809495449066162,
    "Memory": 13860864
}