{
    "Algorithm": "HTKMiner_DBSN",
    "Language": "python",
    "library": "Mall",
    "minSup": 0.012266517981600222,
    "minSupAbsolute": 44,
    "topK": 1000,
    "totalFI": 1025,
    "Rank": 143,
    "Items": 2160,
    "TopK 1-itemsets": 482,
    "Runtime": 0.6135170459747314,
    "Memory": 13844480
}