{
    "Algorithm": "HTKMiner_df_bs",
    "Language": "python",
    "library": "Mall",
    "minSup": 0.005296905492054642,
    "topK": 10000,
    "totalFI": 11210,
    "Rank": 168,
    "Runtime": 6.6421990394592285,
    "Memory": 36376576
}