{
    "Algorithm": "HTKMiner_sp_bs",
    "Language": "python",
    "library": "Mall",
    "minSup": 0.032896570950655145,
    "topK": 100,
    "totalFI": 100,
    "Rank": 69,
    "Items": 2160,
    "TopK 1-itemsets": 90,
    "Runtime": 0.33700108528137207,
    "Memory": 11640832
}