{
    "Algorithm": "HTKMiner_sp",
    "Language": "python",
    "library": "Mall",
    "minSup": 0.005296905492054642,
    "topK": 10000,
    "totalFI": 11257,
    "Rank": 168,
    "Runtime": 10.472745418548584,
    "Memory": 23887872
}