{
    "Algorithm": "HTKMiner_df_bs",
    "Language": "python",
    "library": "Mall",
    "minSup": 0.005296905492054642,
    "topK": 10000,
    "totalFI": 11257,
    "Rank": 168,
    "Runtime": 8.636246681213379,
    "Memory": 36532224
}