{
    "Algorithm": "HTKMiner_sp_bs",
    "Language": "python",
    "library": "Mall",
    "minSup": 0.005296905492054642,
    "topK": 10000,
    "totalFI": 11257,
    "Rank": 168,
    "Items": 2160,
    "TopK 1-itemsets": 972,
    "Runtime": 9.823523759841919,
    "Memory": 56279040
}