{
    "Algorithm": "HTKMiner_sp_bs",
    "Language": "python",
    "library": "Mall",
    "minSup": 0.012266517981600222,
    "topK": 1000,
    "totalFI": 1025,
    "Rank": 143,
    "Runtime": 0.5938358306884766,
    "Memory": 13746176
}