{
    "Algorithm": "HTKMiner_sp_bs",
    "Language": "python",
    "library": "Mall",
    "minSup": 0.012266517981600222,
    "topK": 1000,
    "totalFI": 1025,
    "Rank": 143,
    "Runtime": 0.6221742630004883,
    "Memory": 13697024
}