{
    "Algorithm": "HTKMiner_df",
    "Language": "python",
    "library": "Mall",
    "minSup": 0.005296905492054642,
    "topK": 10000,
    "totalFI": 11257,
    "Rank": 168,
    "Runtime": 14.853922605514526,
    "Memory": 99450880
}