{
    "Algorithm": "HTKMiner_df_bs",
    "Language": "python",
    "library": "Mall",
    "minSup": 0.032896570950655145,
    "topK": 100,
    "totalFI": 100,
    "Rank": 69,
    "Runtime": 0.3061034679412842,
    "Memory": 11608064
}