{
    "Algorithm": "HTKMiner_sp_bs",
    "Language": "python",
    "library": "Mall",
    "minSup": 0.012266517981600222,
    "topK": 1000,
    "totalFI": 1025,
    "Rank": 143,
    "Items": 2160,
    "TopK 1-itemsets": 482,
    "Runtime": 0.6075077056884766,
    "Memory": 13860864
}