{
    "Algorithm": "TK_negFIN",
    "Language": "python",
    "library": "Mall",
    "transactions": 3587,
    "TopK": 1000,
    "totalFI": 1025,
    "Rank": 143,
    "minSup": 44,
    "minSupAbsolute": 0.012266517981600222,
    "total candidates": 1667,
    "Runtime": 4.121042490005493,
    "Memory": 38371328,
    "Items": 2160,
    "TopK 1-itemsets": 0
}