{
    "Algorithm": "HTKMiner_sp_bs",
    "Language": "python",
    "library": "Mall",
    "minSup": 0.005296905492054642,
    "topK": 10000,
    "totalFI": 11210,
    "Rank": 168,
    "Runtime": 6.442824602127075,
    "Memory": 32829440
}