{
    "Algorithm": "HTKMiner_sp",
    "Language": "python",
    "library": "Mall",
    "minSup": 0.012266517981600222,
    "topK": 1000,
    "totalFI": 1025,
    "Rank": 143,
    "Runtime": 1.106755256652832,
    "Memory": 12394496
}