{
    "Algorithm": "HTKMiner_BSN",
    "Language": "python",
    "library": "Mall",
    "minSup": 0.3643525356967011,
    "minSupAbsolute": 2960,
    "topK": 1000,
    "totalFI": 1015,
    "Rank": 164,
    "Items": 119,
    "TopK 1-itemsets": 24,
    "Runtime": 0.41083693504333496,
    "Memory": 13664256
}