{
    "Algorithm": "HTKMiner_sp_bs",
    "Language": "python",
    "library": "Mall",
    "minSup": 0.3643525356967011,
    "topK": 1000,
    "totalFI": 1015,
    "Rank": 164,
    "Items": 119,
    "TopK 1-itemsets": 24,
    "Runtime": 0.4019198417663574,
    "Memory": 13737984
}