{
    "Algorithm": "HTKMiner_sp_bs",
    "Language": "python",
    "library": "Mall",
    "minSup": 0.5494830132939439,
    "topK": 100,
    "totalFI": 107,
    "Rank": 31,
    "Items": 119,
    "TopK 1-itemsets": 11,
    "Runtime": 0.33394646644592285,
    "Memory": 11739136
}