{
    "Algorithm": "HTKMiner_df_bs",
    "Language": "python",
    "library": "Mall",
    "minSup": 0.3643525356967011,
    "topK": 1000,
    "totalFI": 1015,
    "Rank": 164,
    "Runtime": 0.3980526924133301,
    "Memory": 14438400
}