{
    "Algorithm": "HTKMiner_sp_bs",
    "Language": "python",
    "library": "Mall",
    "minSup": 0.3643525356967011,
    "topK": 1000,
    "totalFI": 1015,
    "Rank": 164,
    "Runtime": 0.39626479148864746,
    "Memory": 14143488
}