{
    "Algorithm": "HTKMiner_sp_bs",
    "Language": "python",
    "library": "Mall",
    "minSup": 0.3643525356967011,
    "topK": 1000,
    "totalFI": 1015,
    "Rank": 164,
    "Runtime": 0.39760327339172363,
    "Memory": 13709312
}