{
    "Algorithm": "HTKMiner_sp_bs",
    "Language": "python",
    "library": "Mall",
    "minSup": 0.5494830132939439,
    "topK": 100,
    "totalFI": 107,
    "Rank": 31,
    "Runtime": 0.31919121742248535,
    "Memory": 11698176
}