{
    "Algorithm": "HTKMiner_BSN",
    "Language": "python",
    "library": "Mall",
    "minSup": 0.22648941408173315,
    "minSupAbsolute": 1840,
    "topK": 10000,
    "totalFI": 10011,
    "Rank": 368,
    "Items": 119,
    "TopK 1-itemsets": 40,
    "Runtime": 6.098512411117554,
    "Memory": 30609408
}