{
    "Algorithm": "HTKMiner_df_bs",
    "Language": "python",
    "library": "Mall",
    "minSup": 0.5494830132939439,
    "topK": 100,
    "totalFI": 107,
    "Rank": 31,
    "Runtime": 0.3687760829925537,
    "Memory": 11403264
}