{
    "Algorithm": "HTKMiner_DTS",
    "Language": "python",
    "library": "Mall",
    "minSup": 0.5494830132939439,
    "minSupAbsolute": 4464,
    "topK": 100,
    "totalFI": 107,
    "Rank": 31,
    "Items": 119,
    "TopK 1-itemsets": 11,
    "Runtime": 0.2537496089935303,
    "Memory": 14118912
}