{
    "Algorithm": "HTKMiner_sp_bs",
    "Language": "python",
    "library": "Mall",
    "minSup": 0.22648941408173315,
    "topK": 10000,
    "totalFI": 10011,
    "Rank": 368,
    "Items": 119,
    "TopK 1-itemsets": 40,
    "Runtime": 9.034390449523926,
    "Memory": 33193984
}