{
    "Algorithm": "HTKMiner_df_bs",
    "Language": "python",
    "library": "Mall",
    "minSup": 0.424805284834645,
    "topK": 10000,
    "totalFI": 10000,
    "Rank": 1286,
    "Runtime": 10.751838445663452,
    "Memory": 242438144
}