{
    "Algorithm": "HTKMiner_sp_bs",
    "Language": "python",
    "library": "Mall",
    "minSup": 0.4792439750438364,
    "topK": 1000,
    "totalFI": 1003,
    "Rank": 356,
    "Items": 2088,
    "TopK 1-itemsets": 34,
    "Runtime": 1.4721601009368896,
    "Memory": 34570240
}