{
    "Algorithm": "HTKMiner_sp_bs",
    "Language": "python",
    "library": "Mall",
    "minSup": 0.9577131672307629,
    "minSupAbsolute": 46972,
    "topK": 100,
    "totalFI": 100,
    "Rank": 64,
    "Items": 2113,
    "TopK 1-itemsets": 12,
    "Runtime": 1.5204102993011475,
    "Memory": 15822848
}