{
    "Algorithm": "HTKMiner_df_bs",
    "Language": "python",
    "library": "Mall",
    "minSup": 0.867879133874322,
    "topK": 10000,
    "totalFI": 10002,
    "Rank": 2444,
    "Runtime": 10.132997989654541,
    "Memory": 254181376
}