{
    "Algorithm": "HTKMiner_sp_bs",
    "Language": "python",
    "library": "Mall",
    "minSup": 0.9202993108510378,
    "topK": 1000,
    "totalFI": 1000,
    "Rank": 511,
    "Items": 2113,
    "TopK 1-itemsets": 18,
    "Runtime": 1.9310314655303955,
    "Memory": 34476032
}