{
    "Algorithm": "HTKMiner_DBSN",
    "Language": "python",
    "library": "Mall",
    "minSup": 0.867879133874322,
    "minSupAbsolute": 42566,
    "topK": 10000,
    "totalFI": 10002,
    "Rank": 2444,
    "Items": 2113,
    "TopK 1-itemsets": 21,
    "Runtime": 7.432645082473755,
    "Memory": 110477312
}