{
    "Algorithm": "HTKMiner_TS",
    "Language": "python",
    "library": "Mall",
    "minSup": 0.4792439750438364,
    "minSupAbsolute": 23505,
    "topK": 1000,
    "totalFI": 1003,
    "Rank": 356,
    "Items": 2088,
    "TopK 1-itemsets": 34,
    "Runtime": 20.073633432388306,
    "Memory": 192983040
}