{
    "Algorithm": "HTKMiner_sp_bs",
    "Language": "python",
    "library": "Mall",
    "minSup": 0.6310810259756148,
    "topK": 100,
    "totalFI": 101,
    "Rank": 49,
    "Runtime": 1.074774980545044,
    "Memory": 15945728
}