{
    "Algorithm": "HTKMiner_sp_bs",
    "Language": "python",
    "library": "Mall",
    "minSup": 0.424805284834645,
    "topK": 10000,
    "totalFI": 10000,
    "Rank": 1286,
    "Runtime": 10.688240051269531,
    "Memory": 229777408
}