{
    "Algorithm": "HTKMiner_DBSN",
    "Language": "python",
    "library": "Mall",
    "minSup": 0.9202993108510378,
    "minSupAbsolute": 45137,
    "topK": 1000,
    "totalFI": 1000,
    "Rank": 511,
    "Items": 2113,
    "TopK 1-itemsets": 18,
    "Runtime": 1.7251052856445312,
    "Memory": 22822912
}