{
    "Algorithm": "HTKMiner_sp_bs",
    "Language": "python",
    "library": "Mall",
    "minSup": 0.424805284834645,
    "topK": 10000,
    "totalFI": 10000,
    "Rank": 1286,
    "Items": 2088,
    "TopK 1-itemsets": 45,
    "Runtime": 10.86781930923462,
    "Memory": 230588416
}