{
    "Algorithm": "HTKMiner_df_bs",
    "Language": "python",
    "library": "Mall",
    "minSup": 0.9202993108510378,
    "topK": 1000,
    "totalFI": 1000,
    "Rank": 511,
    "Runtime": 1.7996411323547363,
    "Memory": 34787328
}