{
    "Algorithm": "HTKMiner_sp_bs",
    "Language": "python",
    "library": "Mall",
    "minSup": 0.9202993108510378,
    "topK": 1000,
    "totalFI": 1000,
    "Rank": 511,
    "Runtime": 1.8329205513000488,
    "Memory": 34500608
}