{
    "Algorithm": "HTKMiner_sp_bs",
    "Language": "python",
    "library": "Mall",
    "minSup": 0.9577131672307629,
    "topK": 100,
    "totalFI": 100,
    "Rank": 64,
    "Runtime": 1.5077242851257324,
    "Memory": 14176256
}