{
    "Algorithm": "HTKMiner_sp_bs",
    "Language": "python",
    "library": "Mall",
    "minSup": 0.4792439750438364,
    "topK": 1000,
    "totalFI": 1003,
    "Rank": 356,
    "Runtime": 1.4446094036102295,
    "Memory": 34103296
}