{
    "Algorithm": "HTKMiner_sp_bs",
    "Language": "python",
    "library": "Mall",
    "minSup": 0.6310810259756148,
    "minSupAbsolute": 30952,
    "topK": 100,
    "totalFI": 101,
    "Rank": 49,
    "Items": 2088,
    "TopK 1-itemsets": 12,
    "Runtime": 1.1153614521026611,
    "Memory": 15806464
}