{
    "Algorithm": "HTKMiner_DBSN",
    "Language": "python",
    "library": "Mall",
    "minSup": 0.4792439750438364,
    "minSupAbsolute": 23505,
    "topK": 1000,
    "totalFI": 1003,
    "Rank": 356,
    "Items": 2088,
    "TopK 1-itemsets": 34,
    "Runtime": 1.3576314449310303,
    "Memory": 24850432
}