{
    "Algorithm": "HTKMiner_df_bs",
    "Language": "python",
    "library": "Mall",
    "minSup": 0.4792439750438364,
    "topK": 1000,
    "totalFI": 1003,
    "Rank": 356,
    "Runtime": 1.423229455947876,
    "Memory": 34484224
}