{
    "Algorithm": "HTKMiner_df_bs",
    "Language": "python",
    "library": "Mall",
    "minSup": 0.6310810259756148,
    "topK": 100,
    "totalFI": 101,
    "Rank": 49,
    "Runtime": 1.058549404144287,
    "Memory": 15806464
}