{
    "Algorithm": "HTKMiner_sp_bs",
    "Language": "python",
    "library": "Mall",
    "minSup": 0.6310810259756148,
    "topK": 100,
    "totalFI": 101,
    "Rank": 49,
    "Runtime": 1.046058177947998,
    "Memory": 15593472
}