{
    "Algorithm": "HTKMiner_sp_bs",
    "Language": "python",
    "library": "Mall",
    "minSup": 0.0036410244776661146,
    "topK": 1000,
    "totalFI": 1001,
    "Rank": 509,
    "Items": 16470,
    "TopK 1-itemsets": 375,
    "Runtime": 1.7245523929595947,
    "Memory": 33157120
}