{
    "Algorithm": "HTKMiner_df_bs",
    "Language": "python",
    "library": "Mall",
    "minSup": 0.0036410244776661146,
    "topK": 1000,
    "totalFI": 1001,
    "Rank": 509,
    "Runtime": 1.9006915092468262,
    "Memory": 32862208
}