{
    "Algorithm": "HTKMiner_df_bs",
    "Language": "python",
    "library": "Mall",
    "minSup": 0.013531907170889952,
    "topK": 100,
    "totalFI": 100,
    "Rank": 98,
    "Runtime": 0.6540915966033936,
    "Memory": 22052864
}