{
    "Algorithm": "HTKMiner_sp_bs",
    "Language": "python",
    "library": "Mall",
    "minSup": 0.0008166783875138948,
    "topK": 10000,
    "totalFI": 10167,
    "Rank": 758,
    "Runtime": 48.90929651260376,
    "Memory": 160370688
}