{
    "Algorithm": "HTKMiner_sp_bs",
    "Language": "python",
    "library": "Mall",
    "minSup": 0.0036410244776661146,
    "topK": 1000,
    "totalFI": 1001,
    "Rank": 509,
    "Runtime": 1.6505820751190186,
    "Memory": 32755712
}