{
    "Algorithm": "HTKMiner_sp_bs",
    "Language": "python",
    "library": "Mall",
    "minSup": 0.013531907170889952,
    "topK": 100,
    "totalFI": 100,
    "Rank": 98,
    "Runtime": 0.6694262027740479,
    "Memory": 21704704
}