{
    "Algorithm": "HTKMiner_sp_bs",
    "Language": "python",
    "library": "Mall",
    "minSup": 0.0008166783875138948,
    "topK": 10000,
    "totalFI": 10167,
    "Rank": 758,
    "Items": 16470,
    "TopK 1-itemsets": 2618,
    "Runtime": 39.631227016448975,
    "Memory": 142848000
}