{
    "Algorithm": "HTKMiner_sp_bs",
    "Language": "python",
    "library": "Mall",
    "minSup": 0.013531907170889952,
    "topK": 100,
    "totalFI": 100,
    "Rank": 98,
    "Items": 16470,
    "TopK 1-itemsets": 38,
    "Runtime": 0.7453279495239258,
    "Memory": 21921792
}