{
    "Algorithm": "HTKMiner_df_bs",
    "Language": "python",
    "library": "Mall",
    "minSup": 0.00227,
    "topK": 10000,
    "totalFI": 10075,
    "Rank": 953,
    "Runtime": 13.593624591827393,
    "Memory": 395878400
}