{
    "Algorithm": "HTKMiner_sp_bs",
    "Language": "python",
    "library": "Mall",
    "minSup": 0.00227,
    "topK": 10000,
    "totalFI": 10075,
    "Rank": 953,
    "Runtime": 12.614399909973145,
    "Memory": 391241728
}