{
    "Algorithm": "HTKMiner_sp_bs",
    "Language": "python",
    "library": "Mall",
    "minSup": 0.00227,
    "topK": 10000,
    "totalFI": 10075,
    "Rank": 953,
    "Items": 870,
    "TopK 1-itemsets": 730,
    "Runtime": 13.014906883239746,
    "Memory": 391053312
}