{
    "Algorithm": "HTKMiner_sp_bs",
    "Language": "python",
    "library": "Mall",
    "minSup": 0.00227,
    "topK": 10000,
    "totalFI": 10075,
    "Rank": 953,
    "Runtime": 12.624041557312012,
    "Memory": 391188480
}