{
    "Algorithm": "HTKMiner_TS",
    "Language": "python",
    "library": "Mall",
    "minSup": 0.37865,
    "minSupAbsolute": 37865,
    "topK": 10000,
    "totalFI": 10034,
    "Rank": 1581,
    "Items": 20,
    "TopK 1-itemsets": 20,
    "Runtime": 193.73650860786438,
    "Memory": 1767522304
}