{
    "Algorithm": "HTKMiner_sp_bs",
    "Language": "python",
    "library": "Mall",
    "minSup": 0.37865,
    "topK": 10000,
    "totalFI": 10034,
    "Rank": 1581,
    "Runtime": 7.5550758838653564,
    "Memory": 84865024
}