{
    "Algorithm": "HTKMiner_sp_bs",
    "Language": "python",
    "library": "Mall",
    "minSup": 0.37865,
    "topK": 10000,
    "totalFI": 10034,
    "Rank": 1581,
    "Runtime": 7.586236000061035,
    "Memory": 85266432
}