{
    "Algorithm": "HTKMiner_df_bs",
    "Language": "python",
    "library": "Mall",
    "minSup": 0.37865,
    "topK": 10000,
    "totalFI": 10034,
    "Rank": 1581,
    "Runtime": 7.692249059677124,
    "Memory": 84271104
}