{
    "Algorithm": "HTKMiner_df_bs",
    "Language": "python",
    "library": "Mall",
    "minSup": 0.01303,
    "topK": 10000,
    "totalFI": 10018,
    "Rank": 2117,
    "Runtime": 20.575304985046387,
    "Memory": 365219840
}