{
    "Algorithm": "HTKMiner_sp_bs",
    "Language": "python",
    "library": "Mall",
    "minSup": 0.01303,
    "topK": 10000,
    "totalFI": 10018,
    "Rank": 2117,
    "Items": 942,
    "TopK 1-itemsets": 711,
    "Runtime": 19.26281976699829,
    "Memory": 331673600
}