{
    "Algorithm": "HTKMiner_sp_bs",
    "Language": "python",
    "library": "Mall",
    "minSup": 0.01303,
    "topK": 10000,
    "totalFI": 10018,
    "Rank": 2117,
    "Runtime": 18.77995014190674,
    "Memory": 363769856
}