{
    "Algorithm": "HTKMiner_sp_bs",
    "Language": "python",
    "library": "Mall",
    "minSup": 0.01303,
    "topK": 10000,
    "totalFI": 10018,
    "Rank": 2117,
    "Items": 942,
    "TopK 1-itemsets": 711,
    "Runtime": 19.373393535614014,
    "Memory": 364290048
}