{
    "Algorithm": "HTKMiner_sp_bs",
    "Language": "python",
    "library": "Mall",
    "minSup": 0.01303,
    "topK": 10000,
    "totalFI": 10018,
    "Rank": 2117,
    "Runtime": 19.05668616294861,
    "Memory": 363741184
}