{
    "Algorithm": "HTKMiner_df_bs",
    "Language": "python",
    "library": "Mall",
    "minSup": 3.900520187555922e-05,
    "topK": 100,
    "totalFI": 100,
    "Rank": 78,
    "Runtime": 8.4716215133667,
    "Memory": 1913221120
}