{
    "Algorithm": "HTKMiner_DTS",
    "Language": "python",
    "library": "Mall",
    "minSup": 0.32720459173964384,
    "minSupAbsolute": 553657,
    "topK": 100,
    "totalFI": 100,
    "Rank": 100,
    "Items": 5267656,
    "TopK 1-itemsets": 17,
    "Runtime": 225.5067639350891,
    "Memory": 1956495360
}