{
    "Algorithm": "HTKMiner_sp",
    "Language": "python",
    "library": "Mall",
    "minSup": 0.32720459173964384,
    "minSupAbsolute": 553657,
    "topK": 100,
    "totalFI": 100,
    "Rank": 100,
    "Items": 5267656,
    "TopK 1-itemsets": 17,
    "Runtime": 248.06724047660828,
    "Memory": 2020626432
}