{
    "Algorithm": "HTKMiner_sp_bs",
    "Language": "python",
    "library": "Mall",
    "minSup": 0.2161118669189791,
    "minSupAbsolute": 365679,
    "topK": 1000,
    "totalFI": 1000,
    "Rank": 992,
    "Items": 5267656,
    "TopK 1-itemsets": 50,
    "Runtime": 626.7980542182922,
    "Memory": 1919602688
}