{
    "Algorithm": "HTKMiner_sp_bs",
    "Language": "python",
    "library": "Mall",
    "minSup": 0.2161118669189791,
    "topK": 1000,
    "totalFI": 1000,
    "Rank": 992,
    "Items": 5267656,
    "TopK 1-itemsets": 50,
    "Runtime": 649.5215027332306,
    "Memory": 1939357696
}