{
    "Algorithm": "HTKMiner_sp_bs",
    "Language": "python",
    "library": "Mall",
    "minSup": 0.32720459173964384,
    "minSupAbsolute": 553657,
    "topK": 100,
    "totalFI": 100,
    "Rank": 100,
    "Items": 5267656,
    "TopK 1-itemsets": 17,
    "Runtime": 317.54734921455383,
    "Memory": 1516834816
}