{
    "Algorithm": "HTKMiner_DBSN",
    "Language": "python",
    "library": "Mall",
    "minSup": 0.1508443444230244,
    "minSupAbsolute": 255241,
    "topK": 10000,
    "totalFI": 10000,
    "Rank": 9415,
    "Items": 5267656,
    "TopK 1-itemsets": 118,
    "Runtime": 1006.4704163074493,
    "Memory": 5172203520
}