{
    "Algorithm": "HTKMiner_df_bs",
    "Language": "python",
    "library": "Mall",
    "minSup": 0.1508443444230244,
    "minSupAbsolute": 255241,
    "topK": 10000,
    "totalFI": 10000,
    "Rank": 9415,
    "Items": 5267656,
    "TopK 1-itemsets": 118,
    "Runtime": 1079.92697930336,
    "Memory": 7886868480
}