{
    "Algorithm": "HTKMiner_df_bs",
    "Language": "python",
    "library": "Mall",
    "minSup": 8.864818608081642e-06,
    "topK": 1000,
    "totalFI": 1080,
    "Rank": 125,
    "Runtime": 55.72495889663696,
    "Memory": 2082836480
}