{
    "Algorithm": "HTKMiner_sp_bs",
    "Language": "python",
    "library": "Mall",
    "minSup": 0.32720459173964384,
    "topK": 100,
    "totalFI": 100,
    "Rank": 100,
    "Items": 5267656,
    "TopK 1-itemsets": 17,
    "Runtime": 358.50773882865906,
    "Memory": 1536364544
}