{
    "min_support": 0.01,
    "min_confidence": 0.2,
    "min_lift": 1.5,
    "max_length": 4,
    "sSort": -3,
    "datasetName": "titanic02.csv",
    "redundantRemoveType": 0,
    "Records": 2201,
    "RecordsCreationTime": "0.005",
    "RulesCount": 23,
    "RulesCreationTime": "0.008",
    "rules": [
        {
            "LHS": [
                "age=age=child"
            ],
            "RHS": [
                "survived=survived=yes",
                "class=class=2nd"
            ],
            "Confidence": 0.22018348623853212,
            "Lift": 4.10698180687296,
            "Conviction": 1.2136034422855921,
            "Leverage": 0.008249110674364075,
            "LHS_Count": 109,
            "LHS_Support": 0.049522944116310766,
            "RHS_Count": 118,
            "RHS_Support": 0.05361199454793276,
            "Support": 0.010904134484325307,
            "Count": 24
        },
        {
            "LHS": [
                "age=age=child"
            ],
            "RHS": [
                "sex=sex=female",
                "class=class=3rd"
            ],
            "Confidence": 0.28440366972477066,
            "Lift": 3.193737127878675,
            "Conviction": 1.2729936276051679,
            "Leverage": 0.009674467493504358,
            "LHS_Count": 109,
            "LHS_Support": 0.049522944116310766,
            "RHS_Count": 196,
            "RHS_Support": 0.08905043162199,
            "Support": 0.014084507042253521,
            "Count": 31
        },
        {
            "LHS": [
                "class=class=2nd",
                "age=age=child"
            ],
            "RHS": [
                "survived=survived=yes"
            ],
            "Confidence": 1.0,
            "Lift": 3.09563994374121,
            "Conviction": 999.999,
            "Leverage": 0.007381717574577331,
            "LHS_Count": 24,
            "LHS_Support": 0.010904134484325307,
            "RHS_Count": 711,
            "RHS_Support": 0.3230349840981372,
            "Support": 0.010904134484325307,
            "Count": 24
        },
        {
            "LHS": [
                "age=age=child"
            ],
            "RHS": [
                "survived=survived=yes",
                "class=class=3rd"
            ],
            "Confidence": 0.24770642201834864,
            "Lift": 3.0629316565302545,
            "Conviction": 1.2217672676499598,
            "Leverage": 0.00826211537814479,
            "LHS_Count": 109,
            "LHS_Support": 0.049522944116310766,
            "RHS_Count": 178,
            "RHS_Support": 0.08087233075874603,
            "Support": 0.01226715129486597,
            "Count": 27
        },
        {
            "LHS": [
                "sex=sex=female",
                "class=class=2nd"
            ],
            "RHS": [
                "survived=survived=yes"
            ],
            "Confidence": 0.8773584905660378,
            "Lift": 2.7159859883767217,
            "Conviction": 5.519868591199805,
            "Leverage": 0.026696179775373675,
            "LHS_Count": 106,
            "LHS_Support": 0.0481599273057701,
            "RHS_Count": 711,
            "RHS_Support": 0.3230349840981372,
            "Support": 0.04225352112676056,
            "Count": 93
        },
        {
            "LHS": [
                "sex=sex=male",
                "age=age=child"
            ],
            "RHS": [
                "class=class=3rd"
            ],
            "Confidence": 0.75,
            "Lift": 2.338172804532578,
            "Conviction": 2.716946842344389,
            "Leverage": 0.012481212847573931,
            "LHS_Count": 64,
            "LHS_Support": 0.029077691958200817,
            "RHS_Count": 706,
            "RHS_Support": 0.32076328941390275,
            "Support": 0.021808268968650613,
            "Count": 48
        },
        {
            "LHS": [
                "sex=sex=male",
                "age=age=child"
            ],
            "RHS": [
                "survived=survived=no",
                "class=class=3rd"
            ],
            "Confidence": 0.546875,
            "Lift": 2.279681581439394,
            "Conviction": 1.6774820222782747,
            "Leverage": 0.008926387390308935,
            "LHS_Count": 64,
            "LHS_Support": 0.029077691958200817,
            "RHS_Count": 528,
            "RHS_Support": 0.23989095865515675,
            "Support": 0.01590186278964107,
            "Count": 35
        },
        {
            "LHS": [
                "sex=sex=female"
            ],
            "RHS": [
                "survived=survived=yes"
            ],
            "Confidence": 0.7319148936170213,
            "Lift": 2.2657449800999494,
            "Conviction": 2.5251869640783773,
            "Leverage": 0.0873119297927649,
            "LHS_Count": 470,
            "LHS_Support": 0.21353930031803725,
            "RHS_Count": 711,
            "RHS_Support": 0.3230349840981372,
            "Support": 0.1562925942753294,
            "Count": 344
        },
        {
            "LHS": [
                "age=age=child"
            ],
            "RHS": [
                "class=class=3rd"
            ],
            "Confidence": 0.7247706422018348,
            "Lift": 2.2595186734932557,
            "Conviction": 2.467893381796153,
            "Leverage": 0.02000763355469541,
            "LHS_Count": 109,
            "LHS_Support": 0.049522944116310766,
            "RHS_Count": 706,
            "RHS_Support": 0.32076328941390275,
            "Support": 0.03589277601090413,
            "Count": 79
        },
        {
            "LHS": [
                "sex=sex=female",
                "age=age=child"
            ],
            "RHS": [
                "class=class=3rd"
            ],
            "Confidence": 0.6888888888888889,
            "Lift": 2.147655020459553,
            "Conviction": 2.1832608554553126,
            "Leverage": 0.00752642070712148,
            "LHS_Count": 45,
            "LHS_Support": 0.02044525215810995,
            "RHS_Count": 706,
            "RHS_Support": 0.32076328941390275,
            "Support": 0.014084507042253521,
            "Count": 31
        },
        {
            "LHS": [
                "class=class=2nd"
            ],
            "RHS": [
                "survived=survived=yes",
                "sex=sex=female"
            ],
            "Confidence": 0.32631578947368417,
            "Lift": 2.087851897184822,
            "Conviction": 1.2523781803725578,
            "Leverage": 0.022015724957533445,
            "LHS_Count": 285,
            "LHS_Support": 0.12948659700136303,
            "RHS_Count": 344,
            "RHS_Support": 0.1562925942753294,
            "Support": 0.04225352112676056,
            "Count": 93
        },
        {
            "LHS": [
                "age=age=child"
            ],
            "RHS": [
                "survived=survived=no",
                "class=class=3rd"
            ],
            "Confidence": 0.47706422018348627,
            "Lift": 1.988671114817904,
            "Conviction": 1.4535418509927704,
            "Leverage": 0.01174551817655062,
            "LHS_Count": 109,
            "LHS_Support": 0.049522944116310766,
            "RHS_Count": 528,
            "RHS_Support": 0.23989095865515675,
            "Support": 0.023625624716038164,
            "Count": 52
        },
        {
            "LHS": [
                "age=age=child"
            ],
            "RHS": [
                "sex=sex=female"
            ],
            "Confidence": 0.41284403669724773,
            "Lift": 1.9333398399375368,
            "Conviction": 1.3394408791458428,
            "Leverage": 0.009870157321823688,
            "LHS_Count": 109,
            "LHS_Support": 0.049522944116310766,
            "RHS_Count": 470,
            "RHS_Support": 0.21353930031803725,
            "Support": 0.02044525215810995,