{
    "min_support": 0.01,
    "min_confidence": 0.2,
    "min_lift": 1.5,
    "max_length": 2,
    "sSort": -3,
    "datasetName": "Transactional_T10I4D100K.csv",
    "redundantRemoveType": 0,
    "Records": 99935,
    "RecordsCreationTime": "0.950",
    "RulesCount": 13,
    "RulesCreationTime": "3.403",
    "rules": [
        {
            "LHS": [
                "227"
            ],
            "RHS": [
                "390"
            ],
            "Confidence": 0.5767749036873969,
            "Lift": 21.483414088706677,
            "Conviction": 2.2993734483981565,
            "Leverage": 0.009998680960806344,
            "LHS_Count": 1817,
            "LHS_Support": 0.01818181818181818,
            "RHS_Count": 2683,
            "RHS_Support": 0.02684745084304798,
            "Support": 0.010486816430679943,
            "Count": 1048
        },
        {
            "LHS": [
                "390"
            ],
            "RHS": [
                "227"
            ],
            "Confidence": 0.39060752888557587,
            "Lift": 21.483414088706674,
            "Conviction": 1.611142618849041,
            "Leverage": 0.009998680960806344,
            "LHS_Count": 2683,
            "LHS_Support": 0.02684745084304798,
            "RHS_Count": 1817,
            "RHS_Support": 0.01818181818181818,
            "Support": 0.010486816430679943,
            "Count": 1048
        },
        {
            "LHS": [
                "704"
            ],
            "RHS": [
                "825"
            ],
            "Confidence": 0.6140546569994423,
            "Lift": 19.90449307403155,
            "Conviction": 2.5111067280437487,
            "Leverage": 0.010463659937021806,
            "LHS_Count": 1793,
            "LHS_Support": 0.01794166208035223,
            "RHS_Count": 3083,
            "RHS_Support": 0.030850052534147195,
            "Support": 0.011017161154750588,
            "Count": 1101
        },
        {
            "LHS": [
                "825"
            ],
            "RHS": [
                "704"
            ],
            "Confidence": 0.35711968861498544,
            "Lift": 19.90449307403155,
            "Conviction": 1.5275912491454462,
            "Leverage": 0.010463659937021806,
            "LHS_Count": 3083,
            "LHS_Support": 0.030850052534147195,
            "RHS_Count": 1793,
            "RHS_Support": 0.01794166208035223,
            "Support": 0.011017161154750588,
            "Count": 1101
        },
        {
            "LHS": [
                "39"
            ],
            "RHS": [
                "704"
            ],
            "Confidence": 0.2599905970850964,
            "Lift": 14.490886960233748,
            "Conviction": 1.3270889992090795,
            "Leverage": 0.010303458943415037,
            "LHS_Count": 4254,
            "LHS_Support": 0.04256766898484014,
            "RHS_Count": 1793,
            "RHS_Support": 0.01794166208035223,
            "Support": 0.011067193675889328,
            "Count": 1106
        },
        {
            "LHS": [
                "704"
            ],
            "RHS": [
                "39"
            ],
            "Confidence": 0.6168432794199665,
            "Lift": 14.490886960233746,
            "Conviction": 2.4988008289813415,
            "Leverage": 0.010303458943415037,
            "LHS_Count": 1793,
            "LHS_Support": 0.01794166208035223,
            "RHS_Count": 4254,
            "RHS_Support": 0.04256766898484014,
            "Support": 0.011067193675889328,
            "Count": 1106
        },
        {
            "LHS": [
                "39"
            ],
            "RHS": [
                "825"
            ],
            "Confidence": 0.27879642689233664,
            "Lift": 9.03714593625873,
            "Conviction": 1.3437952661407229,
            "Leverage": 0.010554499189670663,
            "LHS_Count": 4254,
            "LHS_Support": 0.04256766898484014,
            "RHS_Count": 3083,
            "RHS_Support": 0.030850052534147195,
            "Support": 0.01186771401410917,
            "Count": 1186
        },
        {
            "LHS": [
                "825"
            ],
            "RHS": [
                "39"
            ],
            "Confidence": 0.3846902367823548,
            "Lift": 9.037145936258728,
            "Conviction": 1.5560168036477269,
            "Leverage": 0.010554499189670663,
            "LHS_Count": 3083,
            "LHS_Support": 0.030850052534147195,
            "RHS_Count": 4254,
            "RHS_Support": 0.04256766898484014,
            "Support": 0.01186771401410917,
            "Count": 1186
        },
        {
            "LHS": [
                "217"
            ],
            "RHS": [
                "346"
            ],
            "Confidence": 0.2484634010057739,
            "Lift": 7.159801032154561,
            "Conviction": 1.2844317158073442,
            "Leverage": 0.011484284517762884,
            "LHS_Count": 5369,
            "LHS_Support": 0.0537249211987792,
            "RHS_Count": 3468,
            "RHS_Support": 0.03470255666183019,
            "Support": 0.013348676639815881,
            "Count": 1334
        },
        {
            "LHS": [
                "346"
            ],
            "RHS": [
                "217"
            ],
            "Confidence": 0.3846597462514418,
            "Lift": 7.159801032154561,
            "Conviction": 1.5378078600199785,
            "Leverage": 0.011484284517762884,
            "LHS_Count": 3468,
            "LHS_Support": 0.03470255666183019,
            "RHS_Count": 5369,
            "RHS_Support": 0.0537249211987792,
            "Support": 0.013348676639815881,
            "Count": 1334
        },
        {
            "LHS": [
                "390"
            ],
            "RHS": [
                "722"
            ],
            "Confidence": 0.38799850913156914,
            "Lift": 6.640628705268601,
            "Conviction": 1.53851262760502,
            "Leverage": 0.008848128628883201,
            "LHS_Count": 2683,
            "LHS_Support": 0.02684745084304798,
            "RHS_Count": 5839,
            "RHS_Support": 0.05842797818582078,
            "Support": 0.010416770901085705,
            "Count": 1041
        },
        {
            "LHS": [
                "789"
            ],
            "RHS": [
                "829"
            ],
            "Confidence": 0.27737735410369685,
            "Lift": 4.075228738952212,
            "Conviction": 1.2896575599107245,
            "Leverage": 0.009008412430104886,
            "LHS_Count": 4301,
            "LHS_Support": 0.043037974683544304,
            "RHS_Count": 6802,
            "RHS_Support": 0.06806424175714214,
            "Support": 0.011937759543703408,
            "Count": 1193
        },
        {
            "LHS": [
                "682"
            ],
            "RHS": [
                "368"
            ],
            "Confidence": 0.28861985472154966,
            "Lift": 3.6879203658864674,
            "Conviction": 1.2957054488412705,
            "Leverage": 0.008693476846907012,
            "LHS_Count": 4130,
            "LHS_Support": 0.04132686246059939,
            "RHS_Count": 7821,
            "RHS_Support": 0.0782608695652174,
            "Support": 0.01192775303947566,
            "Count": 1192
        }
    ]
}