{
    "min_support": 0.01,
    "min_confidence": 0.2,
    "min_lift": 2.2,
    "max_length": 5,
    "ssort": -3,
    "datasetName": "dataset.csv",
    "datasetSep": ",",
    "datasetType": 1,
    "outputType": 2,
    "datasetArgs": "",
    "Records": 1499,
    "RecordsCreationTime": "0.010",
    "RulesCount": 1,
    "RulesCreationTime": "190.339",
    "rules": [
        {
            "LHS": [
                "tortillas",
                "handsoap",
                "laundrydetergent",
                "all-purpose"
            ],
            "RHS": [
                "mixes"
            ],
            "Confidence": 0.8275862068965517,
            "Lift": 2.207387409498098,
            "Conviction": 3.6254836557705135,
            "Leverage": 0.008757450486225863,
            "LHS_Count": 29,
            "LHS_Support": 0.019346230820547032,
            "RHS_Count": 562,
            "RHS_Support": 0.3749166110740494,
            "Support": 0.016010673782521682,
            "Count": 24
        }
    ]
}