{
    "min_support": 0.01,
    "min_confidence": 0.2,
    "min_lift": 1.4,
    "max_length": 3,
    "ssort": -3,
    "datasetName": "dataset.csv",
    "datasetSep": ",",
    "datasetType": 1,
    "outputType": 2,
    "datasetArgs": "",
    "Records": 1499,
    "RecordsCreationTime": "0.010",
    "RulesCount": 29,
    "RulesCreationTime": "1.266",
    "rules": [
        {
            "LHS": [
                "mixes",
                "juice"
            ],
            "RHS": [
                "ketchup"
            ],
            "Confidence": 0.5229357798165137,
            "Lift": 1.470695560872334,
            "Conviction": 1.3508236260070814,
            "Leverage": 0.024339998068536685,
            "LHS_Count": 218,
            "LHS_Support": 0.14543028685790527,
            "RHS_Count": 533,
            "RHS_Support": 0.35557038025350235,
            "Support": 0.07605070046697798,
            "Count": 114
        },
        {
            "LHS": [
                "shampoo",
                "yogurt"
            ],
            "RHS": [
                "juice"
            ],
            "Confidence": 0.5422222222222223,
            "Lift": 1.4644884884884886,
            "Conviction": 1.3756743978186108,
            "Leverage": 0.02581351766198592,
            "LHS_Count": 225,
            "LHS_Support": 0.15010006671114076,
            "RHS_Count": 555,
            "RHS_Support": 0.37024683122081387,
            "Support": 0.08138759172781855,
            "Count": 122
        },
        {
            "LHS": [
                "ketchup",
                "aluminumfoil"
            ],
            "RHS": [
                "mixes"
            ],
            "Confidence": 0.5429864253393666,
            "Lift": 1.4482858569105168,
            "Conviction": 1.3677567223033178,
            "Leverage": 0.02477880517187131,
            "LHS_Count": 221,
            "LHS_Support": 0.14743162108072047,
            "RHS_Count": 562,
            "RHS_Support": 0.3749166110740494,
            "Support": 0.0800533689126084,
            "Count": 120
        },
        {
            "LHS": [
                "sandwichbags",
                "eggs"
            ],
            "RHS": [
                "milk"
            ],
            "Confidence": 0.5476190476190476,
            "Lift": 1.4477618207776937,
            "Conviction": 1.3743899441733083,
            "Leverage": 0.023727181251810746,
            "LHS_Count": 210,
            "LHS_Support": 0.1400933955970647,
            "RHS_Count": 567,
            "RHS_Support": 0.37825216811207474,
            "Support": 0.07671781187458306,
            "Count": 115
        },
        {
            "LHS": [
                "spaghettisauce",
                "poultry"
            ],
            "RHS": [
                "dinnerrolls"
            ],
            "Confidence": 0.5472440944881889,
            "Lift": 1.4467705425710673,
            "Conviction": 1.3732517330394174,
            "Leverage": 0.02863505623718013,
            "LHS_Count": 254,
            "LHS_Support": 0.1694462975316878,
            "RHS_Count": 567,
            "RHS_Support": 0.37825216811207474,
            "Support": 0.09272848565710473,
            "Count": 139
        },
        {
            "LHS": [
                "beef",
                "lunchmeat"
            ],
            "RHS": [
                "shampoo"
            ],
            "Confidence": 0.5173913043478261,
            "Lift": 1.4442636223787546,
            "Conviction": 1.3297754058261062,
            "Leverage": 0.024419659804334748,
            "LHS_Count": 230,
            "LHS_Support": 0.1534356237491661,
            "RHS_Count": 537,
            "RHS_Support": 0.35823882588392264,
            "Support": 0.07938625750500333,
            "Count": 119
        },
        {
            "LHS": [
                "dinnerrolls",
                "pork"
            ],
            "RHS": [
                "shampoo"
            ],
            "Confidence": 0.5165876777251185,
            "Lift": 1.4420203517876211,
            "Conviction": 1.3275647817499248,
            "Leverage": 0.022289264668774067,
            "LHS_Count": 211,
            "LHS_Support": 0.14076050700466977,
            "RHS_Count": 537,
            "RHS_Support": 0.35823882588392264,
            "Support": 0.07271514342895263,
            "Count": 109
        },
        {
            "LHS": [
                "pasta",
                "icecream"
            ],
            "RHS": [
                "papertowels"
            ],
            "Confidence": 0.5265306122448979,
            "Lift": 1.4402726053925219,
            "Conviction": 1.3399450208184764,
            "Leverage": 0.026306619356199656,
            "LHS_Count": 245,
            "LHS_Support": 0.16344229486324216,
            "RHS_Count": 548,
            "RHS_Support": 0.3655770513675784,
            "Support": 0.08605737158105403,
            "Count": 129
        },
        {
            "LHS": [
                "mixes",
                "juice"
            ],
            "RHS": [
                "spaghettisauce"
            ],
            "Confidence": 0.5275229357798166,
            "Lift": 1.435130455052532,
            "Conviction": 1.3385234169057691,
            "Leverage": 0.023260781815406403,
            "LHS_Count": 218,
            "LHS_Support": 0.14543028685790527,
            "RHS_Count": 551,
            "RHS_Support": 0.3675783855903936,
            "Support": 0.07671781187458306,
            "Count": 115
        },
        {
            "LHS": [
                "shampoo",
                "spaghettisauce"
            ],
            "RHS": [
                "juice"
            ],
            "Confidence": 0.5311004784688996,
            "Lift": 1.4344497607655506,
            "Conviction": 1.3430450232127544,
            "Leverage": 0.02242722633412269,
            "LHS_Count": 209,
            "LHS_Support": 0.13942628418945963,
            "RHS_Count": 555,
            "RHS_Support": 0.37024683122081387,
            "Support": 0.07404936624416278,
            "Count": 111
        },
        {
            "LHS": [
                "shampoo",
                "cheeses"
            ],
            "RHS": [
                "sandwichbags"
            ],
            "Confidence": 0.5158371040723982,
            "Lift": 1.4319255907491204,
            "Conviction": 1.3213731272561773,
            "Leverage": 0.022939909684063335,
            "LHS_Count": 221,
            "LHS_Support": 0.14743162108072047,
            "RHS_Count": 540,
            "RHS_Support": 0.3602401601067378,
            "Support": 0.07605070046697798,
            "Count": 114
        },
        {
            "LHS": [
                "sandwichbags",
                "sugar"
            ],
            "RHS": [
                "cheeses"
            ],
            "Confidence": 0.553921568627451,
            "Lift": 1.4316007437457743,
            "Conviction": 1.3743667939798696,
            "Leverage": 0.02272673665921822,
            "LHS_Count": 204,
            "LHS_Support": 0.13609072715143428,
            "RHS_Count": 580,
            "RHS_Support": 0.3869246164109406,
            "Support": 0.07538358905937291,
            "Count": 113
        },
        {
            "LHS": [
                "yogurt",
                "ketchup"
            ],
            "RHS": [
                "juice"
            ],
            "Confidence": 0.52803738317757,
            "Lift": 1.426176643933653,
            "Conviction": 1.334328496225206,
            "Leverage": 0.022526469725647646,
            "LHS_Count": 214,
            "LHS_Support": 0.142761841227485,
            "RHS_Count": 555,
            "RHS_Support": 0.37024683122081387,
            "Support": 0.07538358905937291,
            "Count": 113
        },
        {
            "LHS": [
                "papertowels",
                "eggs"
            ],
            "RHS": [
                "pasta"
            ],